feature,PC1,PC2,PC3,PC4,PC5,PC6,PC7,PC8,PC9,PC10,PC11,PC12,PC13,PC14,PC15,PC16,PC17,PC18,PC19,PC20,PC21,PC22,PC23,PC24,PC25,PC26,PC27,PC28,PC29,PC30,PC31,PC32,PC33,PC34,PC35,PC36,PC37,PC38,PC39,PC40,PC41,PC42,PC43,PC44,PC45,PC46
num_particles,-0.13340692711891916,-0.472375550362713,-0.05453811488008766,-0.1806592145281238,-0.10714902215288342,-0.08746505609706783,0.10323977908221557,-0.059828614242234485,0.27509799237803095,-0.018303772130723348,0.17835340367562816,-0.007439796848932282,0.06959996462742948,-0.048760168537860304,0.009601878862746766,-0.005671464753244885,0.0770256149144379,-0.06828352487331765,0.10499556552179912,0.011714976340394522,-0.004927257975941102,0.04778957248821151,0.07662217934888245,-0.05490614326776316,-0.014024298962647815,0.018643529688793185,-0.08687403597888807,0.030229916491838784,-0.014882115239055237,-0.03950054560074382,0.05537002928898851,0.013939777415414465,-0.08497915649288705,-0.01773783311873659,0.23496240422746204,0.05526226588280705,0.018359308140698756,0.010177877955632552,-0.008962789367613916,0.04149942332638574,-0.04106151606510003,-0.055503574436966276,-0.0005365033470042559,-4.322962493836048e-05,-0.0001452326360119243,0.0
area_percentage,-0.983786524017916,-0.7545875262769174,-0.07436415541810235,-0.4761749879681709,-0.1538662402500867,-0.04311721559407416,0.2424076777366968,-0.18250958029851036,0.5190796531597126,-0.02346559220130416,0.2866851101577033,-0.08774868296930559,0.16260285041401484,-0.1153842048978688,0.057881447215967594,-0.027558779781293924,0.15707618563714354,-0.10586601939971182,0.0692177405877061,0.14598078602452452,0.012463588556724145,-0.014407246596470797,0.10208003546659015,0.0407117100646819,0.11257533222612197,0.004090646292659354,0.05774489678395227,-0.039066242063307825,-0.012444889603961189,0.024963138831273272,-0.056332128061749906,0.030027790065337453,0.04212785327428005,0.013367383776252626,-0.10719598218867928,-0.013528394059193963,-0.01535606746655066,-0.0007775154336693093,0.001780507965170623,-0.010495270254118042,0.011938061421659414,0.01596773981166394,0.00031559159816668344,0.000136999616253612,5.160596124281378e-06,-1.3574353473800567e-25
mean_pixel_intensity,1.4665741403931505,1.2277187166103314,0.004487387801103113,0.40916795707144216,-0.012415431448676646,0.08178789752154769,-0.009907048519055491,0.10292610599552056,0.20974138746413237,-0.047166646049101264,0.3657574569661054,0.01937069639915036,0.16978105870722487,-0.15725385070461062,-0.10366812116052093,-0.0372447437483056,0.13979116017236037,-0.056518320090378465,0.07585832192435242,0.20216518042828407,-0.08346558993577596,0.017246414105152673,0.10260700685880754,-0.000938021702542491,0.08247098927685378,0.0005477951331917561,-0.029780648739169285,-0.02388754686283447,-0.03995092825211539,0.018155823752094118,-0.0073555169551017255,0.03912394741817771,0.01972926285292725,-0.001108004985800881,-0.009982424316527301,-0.017811598622716935,0.0004792006097364447,0.0023137993885535284,-0.0012826526212602709,0.0005500886041241459,0.0018631403502521093,0.0011360848581633849,-0.0002041608681053369,3.104995658969205e-05,-5.296576032899352e-05,-1.2720812392018668e-25
orientation_entropy,-0.439134437774993,0.3753638753305456,0.3379109901113469,-0.05881312357022255,-0.032044358827369605,-0.01882422915591111,0.03950620455146573,-0.052747065814054916,0.13255042729586744,0.056794107971407416,0.062112918032576625,0.08988319620812976,-0.05147617242093832,0.009952044893658595,-0.02453970938373596,-0.011592798421184254,0.01913340425152131,-0.030167988137025557,0.06530549006677774,-0.026575595134496,-0.03970162625566866,0.035585964004742864,-0.0010242724692715401,-0.02036698415477917,-0.009906598832741401,-0.013154474728815733,-0.03370155967491883,0.033264397814090504,-0.020757941893283696,-0.029223742221939283,0.19162117918266747,-0.00698926743942779,-0.005417838928457744,0.015174177759594043,0.0784015284843678,0.03983138140243915,0.05443120971773769,-0.002254201682990833,0.004367380915899043,-0.0746270940663834,0.05886295677158969,0.1137538248705942,0.0026509470582037533,0.00011475540903797902,-0.00017413506106702263,2.985216840371082e-25
circular_variance,-0.3046279972281841,0.4029549861541343,0.3079155802379734,-0.05126462503297677,-0.016412579913944503,-0.02242932069793657,0.011677759757944071,-0.0528224412318012,0.14014127196079706,0.04262652232642778,0.009114092502640992,0.0765320216961255,-0.07901297224619075,-0.03001844168116084,-0.0030221145228216603,-0.0006566242743516169,0.019110995753032125,-0.12322667607236612,-0.015862307131927104,-0.06652025832835953,-0.0855706326397982,0.022907099028336556,-0.022937839321059625,-0.03803491094556271,-0.0010579394864302365,-0.03956758580933881,-0.0054976021002965175,0.09567487667662466,0.008085496168826416,-0.04066140778141161,0.3010384683747355,-0.027344065488733277,0.0040062043703450335,0.024930659327223405,-0.11126821288446341,-0.03777311664279527,-0.07399909137576782,-0.02224434921380729,-0.021209237765600006,0.03346325286828346,-0.027783862880191412,-0.059293061731038495,-0.002946028914435203,6.0884751583886275e-05,-0.00014534883374889106,2.238132825068268e-25
area_median,-0.9999668194428137,1.22060030272177,0.1039688029519753,0.048857993936062445,0.06447020081308621,0.0477854798908976,0.004681095021241665,-0.057383333631886836,0.1091760481052361,-0.004632823560166478,-0.03947558713418784,-0.04595742662109767,-0.03243171260090665,0.06863949323517558,0.07513545332818111,-0.06052064089140393,0.0750623877488979,-0.19510086273660943,-0.024560090999868327,-0.10266887656691685,0.005006437709594511,0.047721949996292624,-0.006950038019078081,-0.22099787093359333,-0.11028942523172695,0.006868135630977455,-0.027333781633755147,-0.0439387879796183,-0.004853490313152954,0.039472690244811856,-0.15530267211434218,0.02453731097498481,0.01060584836700181,-0.00406149502512997,0.027246045935218063,0.011614194134759451,-0.06071086486811315,-0.0035312026280400494,-0.08407937027759171,-0.013060797399902808,0.014529544360691187,-0.010501177851712729,-0.010503618477030872,-2.180261085885143e-05,-0.00044015076022808366,-1.4762590041494906e-25
area_iqr,-0.48181677899053277,0.49399720144534837,0.25051487011097595,0.014342229938026906,0.014754616384272987,0.05700621090302925,0.022330851671498248,-0.009414016188689457,-0.02287252861998122,0.00570526698455531,-0.017731585857590774,-0.005047050623302582,0.024241224792496043,0.07808713494394637,-0.01659672852206981,-0.04409809154649992,-0.0003597333651361533,0.07007539116707302,0.008504356477786357,0.042637613558825824,0.05116267655576386,-0.010637294251147435,0.0075441159055986235,-0.0030044009807318477,-0.0025274179464501957,0.004133412594714143,0.060877600184595246,-0.13091466053191667,-0.00851272976230865,-0.04525635547936676,0.015141317183796809,0.04345082868440048,-0.0052130800232153655,-0.006849931541509606,0.006523962353490718,-0.0017240267796075166,-0.006884248264037337,0.002297052176719091,0.025047617731929383,0.043501739069529685,-0.05811511135333199,0.03045790326184489,0.09733565489451805,7.062442424265947e-05,0.0001010511211369612,8.875107504126724e-26
solidity_median,0.32152727493581634,-0.26752844089955874,0.14402139814732828,-0.04562446758721023,-0.11267210191195363,-0.19125469101618886,0.05715097291523963,-0.025142858535493227,0.31777860998270874,0.36129773527588704,-0.14789521510503228,0.2832204856890185,-0.2219891468545387,0.29414215991107007,0.05193157127878162,-0.26863589461123233,-0.0892010245356259,0.12994647208576274,-0.0051736049699256164,0.3503558928851256,-0.15402777568340076,-0.018516114378252947,-0.14279234647150466,-0.077789508345012,-0.019105305499418187,-0.02270598113173331,-0.035045607375215754,0.008279990179989283,0.008182079654988591,0.028219464079205555,-0.035951365550902,0.045724017294215775,-0.0012987652684618362,-0.0010626130541664552,0.0028690091063893644,-0.006099257588507296,-0.01935843729880212,0.0010933283540362326,-0.0168092377789779,-0.0007590826828408275,0.0011201900117404336,-0.003068064487738057,0.00022427954507199568,1.5628007288419594e-06,-7.599663880071356e-05,-8.640192296912574e-26
solidity_iqr,-0.6862992815952321,0.20935238397352496,-0.0076071225571114984,-0.028407940240973543,0.11784371186708686,0.22839766997962127,0.0012436813324082307,0.05624414762787582,-0.24043719148349177,-0.06759855909044725,0.16121614324526504,0.05565068203629898,0.12665644381140484,0.014429998022294908,-0.040959382247350656,-0.038958574088471476,-0.06854977803221451,0.32622263459299927,0.082563339829426,0.19854321768593947,0.06300102260491515,0.11802153334113558,0.13034618727618477,-0.11057455090123443,0.044520210459600106,-0.015270777716806579,-0.08515146864482259,0.21209746351548456,0.15046152430289608,-0.1250732725153871,-0.0457600297267371,-0.06095494755354508,0.02828642097893579,-0.009385841762257053,-0.01129366842137577,-0.020251482440835692,-0.013551645249445288,-0.0038718237212207996,9.513584867590028e-05,0.002522641749091516,-0.00037617659155864244,0.0025897418168607006,-0.0006528063899225611,-0.0001505988469673718,-7.01324064750028e-05,1.3397610307021258e-25
aspect_ratio_median,-0.38011769355170566,0.5032096730602217,0.5192061000405317,-0.0004922310551614701,-0.045018242718448925,0.000712597065214331,0.0022258227666233405,0.0005348936939871792,0.17746752254465192,0.07939218820772068,0.05667846322744858,0.26068266184918915,-0.17699328605881395,-0.08274233718167358,-0.009831020509265376,0.06099257307212838,0.032187028964194224,-0.1196615933886574,-0.2680330473853686,-0.05114320103759905,0.05222916912537668,-0.03000655039857602,-0.001425181429065563,0.14815414611659783,0.05961960981310264,0.041132766984877014,-0.08977632345048693,0.1439397531473557,0.03171426395895586,0.011793288310590394,-0.11546603465409652,0.004059477470546789,-0.138529161401357,0.044820868886965924,-0.03637007445896643,-0.012589182715596255,0.09394718921832995,0.01885185943217929,0.041775540268258075,0.008253538306787716,-0.013942269449573661,-0.012101523341998599,0.0035871366633969197,-0.00015596901636567045,0.0002726640945555575,2.1695249099253054e-25
aspect_ratio_iqr,0.19281792633151404,-0.25293673997444166,0.354447049076037,-0.038037769426005404,-0.04379889187667112,0.07214380925285156,-0.03743803593734272,-0.018457182580304855,-0.13215299883006926,-0.01961160879198677,0.060177248211493915,-0.04845834031473283,0.05244890076655125,0.0018561299538282954,-0.017480483542532024,0.003940767316056891,-0.0009990418961480538,0.07639323680228159,-0.0113501868955731,0.029760936996703014,0.05077021831534454,-0.01682760481396023,0.02919086129722154,0.05857516057350171,0.024593921450147105,0.0033759771690351427,0.01066473026168426,-0.002937023001633574,-0.012413118349083159,-0.0070030112423945445,0.0008430239580942282,0.06318861854467435,-0.1513270638545608,0.033584591868354025,0.012430406613383843,0.004763001712395571,-0.08799745433096012,-0.02776709380113838,-0.01981203960414124,-0.07497078769926468,0.09570373115402919,-0.07057426947757961,0.038648686503983794,0.00016578514172707726,0.00012211758710639208,-8.062518878068047e-25
aspect_ratio_p90,-0.1912402940776327,-0.06503055338829102,0.2158542409965969,-0.03907194091768235,0.02545597734812026,0.06405175727778645,-0.02734279667072719,0.016003173189589173,-0.10890617266085105,0.032172878627088716,0.11603660863312706,0.08046033319443044,0.02388863625947422,-0.03355944607223712,-0.06807924680793406,0.035908482062434716,-0.03586031745850707,0.15433617052183085,-0.023506589324625085,0.008552448440913725,0.07044066515297999,0.008276319321275405,0.012331842515543692,0.059653142130030444,0.007752329771457225,0.04010970769216377,-0.0807112092778919,0.12704091925390026,-0.18974719395775322,0.2987898428590788,0.0073125285806592485,-0.03481806175393422,0.05649222254071969,-0.005702363227045201,0.00440051830233303,0.09165762655639148,-0.07399635529684301,-0.011952503178316152,-0.008772547149167623,0.01573181083134018,-0.02068579585730483,0.016528648107111025,0.007879622624288185,5.7911654606755e-05,0.00029419718779179937,5.65302999538405e-25
feret_iqr,-0.4797542648827039,0.38725794533262586,0.4121621706960454,-0.0005545929863850194,0.025006082932225972,0.13003971227939265,0.006896151544286739,-0.00550033341277187,-0.14432906732502568,0.011776494105614018,0.04441742752714271,-0.015504869284087319,0.06900441271690522,0.11076215468582354,-0.04919872220827907,-0.05535864188985103,-0.003906059718134691,0.18112662165500115,0.016432114659069803,0.0935034621741901,0.10446622888407521,-0.018341232531107556,0.020130760091548537,0.05038056902220318,0.019825147973371333,0.008777255323638199,0.08468573249735968,-0.16101970563526127,-0.03282039250778405,-0.0227311514365167,0.039885998226765806,0.10899466333809356,-0.1345065464871868,0.03729692876809038,-9.397394220404017e-05,0.029854628668081484,-0.05043971024202881,-0.012600407703150561,0.05200332582756472,0.019519165683030935,-0.03549317633822653,0.018941492238227053,-0.06404916240016836,0.00029739556631528676,8.085528917938885e-05,6.745086667578531e-26
feret_p90,-0.6224887772640801,0.3683996635007039,0.25331483305031505,-0.002629603094981813,0.013235896354060948,0.07420750198104459,0.00952379274116196,0.009562911655662806,-0.10171427601809668,0.018691344289894964,0.01693260868894103,0.013875986101057823,0.05663651429641116,0.0786920156551527,-0.04378097682933011,-0.043665360236191136,-0.028058199563217333,0.16305889492032077,0.036237585450945124,0.10293002530261149,0.030759060368093203,-0.007964885632525547,0.012985058750036714,0.0473512553066893,0.025272639603288773,0.023998983830648846,0.08173531032677203,-0.09995062825079715,-0.0800837748408792,0.06637723191595475,0.06975927422996776,-0.031178317045119273,0.07821530608890409,-0.021400625104777245,-0.0018815501768137,-0.005507975310511753,0.1665534812842422,0.039372385775513385,-0.05381570642612858,0.0021421509911963236,0.036021205642684,-0.07925126418070924,-0.004808964037577951,-0.00012716823908117032,-6.966852563293518e-05,-5.50856097321254e-25
eccentricity_iqr,0.685354993749329,-0.6110091757611069,1.4400025177522424,-0.08575465837698569,-0.26866165963868727,0.05072070939479895,-0.056831802669620984,-0.12501363345839278,-0.10190166180835068,-0.07189648702812218,-0.03916173635091423,-0.28301238104067866,0.09676107837779356,0.011502428235486854,0.0423024686310372,-0.013499967360061203,0.08971499603280758,-0.07372764603837836,-0.17182677190784165,0.0650855079266512,0.05424243477979806,0.06594970607891441,0.033026960783817415,-0.18028149027708493,-0.06323295248321685,0.011714779581583512,-0.017438740398273825,0.002470857645944181,0.0261201453809377,-0.00040029492395681024,-0.012314737886787311,-0.015907060666887095,0.046893827670451,-0.0031996216657355484,-0.016797048648451166,0.0035034774275090113,0.027880879577806716,0.006501284791993166,-0.005160772744756183,0.009261350258019298,-0.011239163212719767,0.012443763839927876,-0.0039739165945045654,-9.633124127726456e-05,-7.50080802425457e-05,1.2908541936532561e-25
eccentricity_p90,0.2080252819704493,-0.3792041786980264,0.3579013844974724,-0.08824338672190404,-0.06976577794657264,0.012794677902684976,0.04466019918378137,-0.023957789063861576,0.10558408934295317,0.0429100546783589,0.35028477700886157,0.39876947049324785,-0.09327157896790425,-0.2784934936399829,-0.23330494828837872,0.08601165146105878,-0.22114137198782968,0.18076121563848344,0.14926259804319852,-0.2510563256080605,-0.043296259195805445,0.04135823422136195,-0.04257713097531778,-0.15411757561753392,-0.10862007019275409,-0.03889450067746148,0.06434982523687428,-0.08873601991529874,-0.005709817762982544,-0.013902734333010947,-0.060232477997329406,0.008002517305173809,-0.009802952310906115,0.008455541046310843,-0.031164553006981562,-0.021468713118821342,0.00718646262281707,0.004066792990137736,-0.013215143144066436,0.003598615083808432,-0.0017283570307835628,-0.0001896213915204796,-0.00046449726166683357,0.00010071222309347308,-6.760629141292172e-05,-1.1936814880479046e-25
circularity_median,-0.22005330341613155,0.286840587241412,0.03209799071009891,0.023995655431156667,0.011255704606902452,-0.025993486053634596,0.028648342557205067,-0.006888888390548628,0.08863953451639031,0.022945987510243494,-0.01122530735859323,0.031470750286601595,-0.03144540925616609,0.03295391904615601,0.0070331026834589685,-0.0255985453564459,0.009637653488988878,-0.04947297230728075,0.02282871386463658,-0.026291651234860137,-0.02235496478879285,0.035121666538104536,-0.0021293716151577326,-0.12362933244816536,-0.05591022910567079,0.0008981761624860555,-0.01224428146806254,-0.024600934246767923,-0.014839292574394753,0.007727205267738962,-0.014896104250650381,-0.02447325482888376,0.1074263558927444,-0.029149404832878152,0.004733130349528432,0.055902909355331286,-0.010184533724709097,-0.012062441975862126,0.18889075098216457,-0.02113972689752556,0.036540864959906126,-0.056395718456728534,0.0011187207535285292,0.00018856643352703516,0.0010447239898197219,-7.614500538222084e-25
circularity_iqr,-0.053872520864243656,0.1044045041287444,0.5038566192213327,-0.017499133870647582,-0.05670026720544055,0.0409921388291841,0.05774461967920179,0.021552142681969397,0.09216886892118839,0.008119510736466908,0.011873248691684385,0.23545347616490794,-0.09060222664081971,-0.04995970709399397,-0.03889383204247682,0.06121088898323968,-0.009348783915368019,0.0028805880579667554,-0.18097691664145954,-0.008162369600763632,0.08282319576538381,-0.06608163456658803,0.0017843718259483606,0.23214541091513552,0.09764890659926886,0.01847227975721776,0.014992071107076963,-0.0785163157418783,0.0463127930169524,-0.11813827461487648,-0.023603035266411988,-0.05495848224234163,0.16731430123934746,-0.0936647073412002,0.10029743910921281,-0.018818794236804198,-0.09174543676355179,-0.007522365466972946,-0.0231755675116949,-0.005430707057977333,0.00836798779826897,-0.004577868903603693,-0.010944817815615179,-0.00015447080249123655,0.00012528696140119748,-2.581034390762311e-25
circularity_p90,-0.06846998710475874,0.19288960728567647,0.6688048772349929,-0.04995473986005824,-0.10490178596986466,0.07726788932238073,-0.03894218356751036,-0.11632326869922095,-0.11369303409648934,0.03599559224759717,0.025170692348392042,-0.15147095822754322,0.056981868426665305,0.14042504444218706,0.049573921558973076,-0.14314329525865382,-0.023699135610741894,-0.07925084041708011,0.5009708033186151,-0.14936662241083848,-0.19226758087762102,-0.107312390462733,-0.10409103309969249,0.18387434370644595,0.047806094149380356,-0.04015028376161412,-0.023888031256019453,0.0808540998823308,0.02535196492137422,0.0006491937825999672,-0.08386092218795012,-0.020076648589215425,0.007645548637096989,-0.012446748902128935,0.00441836404973977,-0.014193437346911881,-0.0019812223097971145,0.0037867805709190495,0.010866087953303573,0.007812983121917126,-0.0086281858091506,-0.003542470305743894,-0.0017347146092815714,2.3139813661683213e-05,-1.3340109565932447e-06,8.789495256865451e-27
mean_intensity_median,0.2746717303717276,-0.005156175261211081,-0.033268820325830464,0.045183757739325016,0.021550160903428858,0.01968654511778861,0.017981695646868433,-0.02170609504527398,-0.025409972583521307,0.030130366657284732,-0.00023414155740338858,0.06048761028267936,-0.06656477338123426,-0.0017046990412897007,0.0034476696373303252,-0.01823450419290025,-0.011364104146278411,-0.05483921569804865,0.028871656119688702,-0.016177900951304763,0.003977785394988962,0.014357763458420646,0.01496916470651863,0.042907797709642495,0.039077245015508674,-0.025506548002276374,0.015028617802536951,-0.008326812267488605,0.07767895229764522,-0.11868005940730647,-0.015155108102675176,0.03068761026338054,0.03146623597411541,0.036044480723034164,-0.08249656914406216,0.2638186612138563,0.011724061909613033,0.024790074794327502,-0.04116628334061415,0.010039268264859007,0.0007858978911451062,-0.010508404698129411,0.003203443323250733,0.00043019570882230773,-0.0002742304868497155,-3.1198165285047304e-25
mean_intensity_iqr,-0.1044455712746277,0.36762919757550394,0.14784986971344954,0.02930943343617409,-0.14206731131977807,-0.3775094918927095,-0.0151391729709895,0.17120804408934265,0.5190509366234826,-0.08983218242297733,-0.32771598558217824,-0.210908372964246,0.4081788774076168,-0.08253707721191272,-0.10802693388599323,0.21545639712718156,-0.17270148346445888,0.26204967866798545,-0.03899640012817177,-0.03471834201566354,-0.023891112796786677,-0.06397241281245139,-0.09840145179837011,0.04474330182840305,-0.06469360283066408,-0.06279751051778183,-0.102590598503872,0.013817132263218887,-0.008453529545104877,-0.0400408477225261,-0.0136386312453363,0.015015230832561486,0.0005334967279285952,0.00952724141693538,-0.016601267850491777,0.021018182937947855,-0.0011719878009804744,0.0013105336140165514,-0.0041568241282207204,-0.0018933445566972058,0.002581725957007384,-0.0037425203511631594,-0.0014535217641201074,1.215998180964118e-05,-7.753282589351958e-05,-8.79686837670252e-26
mean_intensity_p90,0.5598985650014263,0.09067586686018858,0.06858271635686003,0.14656846239330837,-0.10167212688389367,-0.23755786643427676,0.06645184741105005,0.05912973353187479,0.32561199894940696,0.1618030628956234,-0.20012757336759116,0.06999939974578999,-0.06393083881532884,0.26438737838291965,0.09534471754260701,-0.10362480151112931,-0.014303344498670992,0.07044196108963667,0.1913584395205827,-0.21251489105547244,0.3512630293860901,0.08336358496357207,0.28235598545128127,-0.005390282129784278,0.0424639889215884,0.04406400066556779,0.050947437926924626,0.03520514919958973,-0.01428742972001827,0.008795342387373464,0.0005403801319416639,-0.02872453927125486,-0.004118552619221409,-0.0011897198638326336,-0.02575476216126274,-0.02137032232855896,0.0016341890110592495,-0.0057328025738016195,-0.005059782671978186,0.0003235986320993624,0.0030641324914338413,0.001061346274030765,-0.0010232300752906123,-2.8864278082809123e-05,-7.916049151377913e-05,7.20193625747498e-26
roi_s_mean,-0.012374917218935196,-0.10128138120157044,-0.07102766410741733,0.5217656652365342,-0.13783674082445432,0.06346888991130686,0.4312021931782966,-0.4037470497739007,-0.031400543737455225,-0.05929086000955581,-0.05078647491651017,0.06257995290100486,0.13603516911777128,0.03889758587224891,-0.0526499788896327,0.009955555070155702,-0.08170917129218691,-0.025736334819948584,0.035782273941724944,0.01799645560784239,0.003768619943389855,-0.010802046156016222,-0.09372841627591469,-0.02422353660943438,-0.007927323154571593,0.3144323104705599,-0.03376366558387033,0.005274951092613803,-0.07629778920558124,-0.07903419975150494,0.005281915102133253,-0.05742220401818081,0.0003913552708743074,0.07023844292605544,-0.013241184648034513,-0.010841051811377499,-0.029265926437402428,0.0811857738341368,0.0013743151742085789,-0.010968015812796687,-0.00313950930645219,0.0005315069389370757,-0.0001129336828872489,-0.00819192095878482,0.00730655456900208,4.319949543917575e-24
roi_s_std,-0.43570085572690087,-0.39448407899597077,0.1240536309811102,0.6695474749329444,0.03910778024638195,-0.0726627269100661,-0.18038058788647876,0.1428678854810881,-0.025075934336520785,0.04215288785376485,-0.07301295466510563,0.04592232332221678,0.02170417666545131,-0.08868819890462867,-0.1387458782824585,0.08515384887871075,-0.05918386591244043,-0.15133567247080004,0.09085587421922453,0.041909768826610204,0.09252522368813111,-0.060746815455699966,-0.02205633982108954,-0.04562694501916124,0.02467941605998827,0.07189395118557663,0.0712386221053371,0.13714441960757523,0.0367319536270116,0.014916377079130667,0.021522523580847,0.2752254657012524,0.06810471918585197,-0.06526508828857662,0.011234010439674143,-0.013066453263149773,0.013315579595736114,-0.001959444894483128,-0.001856230395048754,0.0015553148857944653,0.002223764678159126,-0.0017918298543691477,-0.0005107773298013387,0.00015865242160588167,-4.74109839572703e-05,-6.90477584841829e-25
roi_v_mean,0.07027371709204391,0.24467992932310054,0.01633581977193581,-0.05426014707822902,-0.10368865781860999,-0.14614276608476845,0.26453486521976133,-0.1751433295689845,-0.04626541734819462,-0.26061888542514255,-0.04172438580091549,-0.13504414495944736,-0.25957841658954495,-0.25290637590479104,0.1815356844140035,-0.1131746579813638,-0.2551126375339538,0.03614229565344591,0.04401937645839332,0.060883863163951196,0.045143798633731816,-0.04157044287082098,0.018200743216267107,-0.008024123911652315,0.027421931601447073,0.07879023702940491,-0.06333626436680417,-0.007242462693444818,-0.037998308035802654,-0.015239560196207886,0.008653596480607342,0.035236212278137405,0.0070379304362125075,-0.008370951910914066,-0.005038578126016401,-0.004649707910211867,0.003272494697871991,-0.006646355950838899,0.002437231681791154,-5.410258451826845e-05,0.0005611182667592944,-0.0012598312809502074,-0.0009235142187171015,0.02462948828219163,-0.02224213099340778,-1.1938458897383429e-23
roi_v_std,-0.4246045982309449,-0.39753439775962096,0.1286157129491683,0.21670129638456526,-0.09419333081763342,-0.13441036722319222,-0.10185094308730648,0.18437800372064533,-0.1928366569772609,-0.014344588309892443,-0.26335585406530576,0.08366412801862097,-0.13204732547380119,0.0016539866148777174,-0.2247433603213027,0.0728690316070047,0.04408021289312007,-0.06530382898682956,0.06906537916610983,0.003400101335360816,-0.19647159160958066,0.04891908804086706,0.2465391151867481,-0.039014598287442505,0.15546202224096178,-0.03859731465537234,-0.23248490975116368,-0.13358320729579526,-0.11335086295374615,-0.04371056776329544,-0.023069294650036605,0.009996113653777266,0.005016919841791443,0.02931295862466732,-0.0292508141052737,-0.017044668506227087,-0.006059788075345302,0.010407440573724145,-0.003242449152930077,0.00019077762225868782,-4.4136030815744995e-05,0.0004628599962424766,-0.000818311249688205,-0.0003042840665283954,-8.667001953489488e-05,6.041948029620633e-28
roi_lab_l_mean,0.06095599042831133,0.2662445894449733,0.03621740620711277,-0.31106496336128503,-0.03468112329059356,-0.2026667218686434,0.01280131408253568,0.07471729623471579,-0.031045880673271634,-0.2521054204834108,0.014672678217266978,-0.1617069713267542,-0.27710823069160656,-0.2563153362965058,0.1687485846503401,-0.18086053872748625,-0.26919458454479717,0.0009367234453909544,0.03324024022739158,0.056219529692990954,0.07915419858112854,-0.05239396270905872,0.03465205961680321,-0.010002166617127464,0.03804576843371758,-0.02818321486790683,-0.05320556099844359,-0.013289556886889077,-0.004966217132594006,0.011419240293804894,0.015838820196131555,0.04923806628275267,0.007551824956665332,-0.01428369330866166,0.0006594901084052549,-0.0016154874592556883,0.0021330020726266783,0.009307740020156349,2.001293037490432e-05,-0.001682651178649153,-0.00031235152082179047,-0.0003682915168801835,-0.0010798879062824086,-0.024102782759345603,0.021699532483874327,1.1429876042743057e-23
roi_lab_b_mean,-0.06857831545820824,-0.13573532536716104,-0.02843889013025072,-0.16898300714247505,0.12501598861753882,-0.1160669545929149,-0.39765909023613966,0.4412065471750433,0.03853731235191658,-0.017454736089176876,0.2717833637805192,-0.05481032714959206,0.1366042462448268,0.16770554898419132,-0.10175658334186052,-0.2445690039567106,-0.17049390417777222,-0.10831797256789566,-0.09268597218485947,-0.09139129646671147,0.09711248326792168,-0.1597712242971987,-0.08038512934513992,-0.1093211468828706,0.15903574698230483,0.025511027442397322,-0.03278003569465431,-0.020724778400204345,0.024216094750252555,0.004557118033699622,0.027437602819103526,-0.042549897374031115,0.007343957862849792,0.04893247924209805,0.008423512965490224,-0.005180976301069623,-0.024897264097153166,0.11056959398187298,0.006538395101174217,-0.01842908966136334,-0.0073316055803010136,-0.00020983268385550214,0.0007556500393160402,0.005558354165009096,-0.005231076793786753,-2.2589307600328837e-24
roi_lab_b_std,-0.34729267025078536,-0.25411029325343576,0.1488521493931088,0.7646058847342803,0.020282983955847916,-0.03639192678690733,-0.13576707099339674,0.10591981001219658,0.06743019342236996,0.035848366084439046,-0.006585691059039851,0.01638955459227733,-0.1358174650345238,-0.20270504755913182,0.07710624045025218,0.1303711942613438,0.0810674031660953,-0.08399919655122126,0.1913373000714929,0.22425193415456365,0.22179757015468796,-0.19860986850517312,-0.06735820484151442,-0.04588264863123471,-0.06109503814844465,-0.11523215282171383,-0.0013680393270606899,-0.05009210645323805,0.014591837886047846,0.010787461522570374,-0.00022352202185765206,-0.17665444510203038,-0.04511014705982705,0.035698142932501446,-0.00029391006995702757,0.011981287764948861,-0.007544325121887862,-0.011377366471585973,-0.0009473412157664547,-0.001552478640459788,-0.002302473052920975,1.5895104752890193e-05,0.00022856211260074142,0.0003214806180925266,-0.00017037636752837497,3.0114171549547443e-25
particle_mask_mean_rgb_contrast,-0.1409974646175932,0.16015783534875302,0.1887903643794314,0.03897902685684378,-0.06363478039131837,-0.18107244513393145,-0.06442198369087927,0.17460133743553566,0.08014427632983297,-0.08168165052134317,-0.25118292286732496,-0.04530953341935907,-0.047710850963209935,-0.15782571618324992,-0.09079012089708663,0.04104286932017541,-0.10630014332148238,-0.013967939752378396,-0.007641347303403576,0.05902993688722021,-0.24389702551233797,0.06275251333963734,0.09315845953417777,-0.06857739626381819,0.17109853095746658,0.1033381686019812,0.28896350424620926,0.0516700649649425,0.06331175235364049,0.0727948127952574,-0.025588011292950137,-0.11255188333015874,-0.059927945494650484,0.001001371802133695,0.045073635867619116,0.028772267344236373,-0.021498788963852336,-0.0017067139632672313,0.004441369221716465,0.004806401212190219,0.00023266299511022614,0.005383973637450215,-0.00010188688780754495,2.1352066539076056e-05,6.778068336858803e-05,3.640589352738506e-25
total,0.10686285081620762,-0.08361641607374304,0.18685406267305152,-0.02225811168939656,0.8731461180098324,-0.07913396489375725,-0.04757290654573307,-0.1592481418517121,0.1116260538285008,-0.039866796004304775,0.027556333584420032,-0.03139425437365896,-0.02401312149869051,0.07991157483335466,0.017309919510418874,0.15773625296306512,-0.09418370965718353,-0.04340944323166948,0.05158080811956839,0.04013207850542938,0.004515317855226767,0.09329503783571444,-0.02048964822498998,0.009119645018416188,0.0415637456067945,0.03513259857018991,-0.047422319961337375,-0.05013521408242949,0.051231913699523096,0.03503881418000727,0.006887537800040793,-0.006886037262349148,-0.016734158422974037,-0.029117024880962503,-0.009096538818481614,-0.0034733466761409917,0.0011833788466395231,0.004977154465187164,-0.004042440373966352,-0.0019854474520646943,-0.001309555117945963,-0.00036332166904636714,0.00010478091251936146,0.024281907680793764,0.026326279591223155,-6.255040148170255e-24
transit,0.0998142795532265,-0.1625431042921179,0.13069608702513655,0.013106374775877339,1.0330560913143016,-0.07332162167008226,-0.24233041724504945,-0.4237237028686421,0.19582353440041753,-0.2633508771744256,-0.1395102189459783,-0.007660052114728085,-0.06444123023325471,-0.06259055826685853,-0.23481885791248336,-0.2373694851149283,0.1521903262005714,0.08038546654692931,-0.012162953501158924,-0.019623409195778,0.012053066218540891,-0.0499203303870996,-0.0018418242682647782,-0.005571355051953921,0.0005945933917742705,-0.014031853848724175,0.02015306639712665,0.037718490696648746,-0.07084267097699523,-0.04378431695407667,-0.016495066919426142,-0.012555185774459998,-0.00895731046293994,-0.02143071597322529,-0.0020496975472297178,0.0025193665086968514,0.003950685098874142,-0.002522294034553356,0.0008512126880463661,-0.0016921925143446703,-0.0007772339739665049,-0.00046993846703502663,-0.0003413978483821484,-0.011966731308436328,-0.01283506465978067,3.0383579977184485e-24
park,0.003631075989916693,0.03767821646822532,0.16032240092125213,-0.0755885446176655,0.4619870562764283,-0.4872812741417322,0.44998081152413677,0.14550132242202574,-0.2227163390411886,0.25922978539392,0.01976698047692173,0.02456904807886867,0.10505359787974444,-0.12528893885704248,0.0015649744961464616,-0.045238108462310675,0.11462921296863834,0.03158597290645663,0.01336292717350098,-0.029115191593417248,-0.04946764337627708,-0.1225227098174933,0.10333690540986337,0.02894218871715588,-0.0916853725577711,0.09915079419143433,-0.07091718877172377,-0.07485484812806115,0.23448527077442893,0.12105235010603685,0.036164717388214994,0.014096048336753418,0.021063246207337356,0.04247048979224289,0.005143142770590038,-0.002124466374189247,-0.003185498431633973,-0.000714063248435563,-0.00043971582712268846,-0.0018352198841743398,0.0004283501485079611,-0.0024364438711549693,0.0009724293086862341,-0.005761343527119343,-0.006348061275744069,1.5903533324091227e-24
gas_station,0.06740110649900632,-0.027748454875894443,0.03121278560827116,0.036016531454920224,0.16979144305617502,0.2859925849352316,-0.08677600743555854,-0.05673025545484266,0.0939474313358452,0.18156762247189048,-0.10741622832132877,-0.007961707980078177,0.06146234566443679,-0.1233561839994937,0.15590357787078385,0.11853148539217877,-0.084533295924157,-0.03132852804158435,0.08828767748516218,-0.014920956251807553,0.10382797123524787,0.29934160843708757,-0.2112063566341244,-0.019293922882481853,0.23047482127474392,0.013738463159001008,-0.0919501844853627,-0.10218786143276647,0.0943663951504136,0.07833498388065699,0.019488984280740584,0.006595270369659609,-0.012392773928377171,-0.010000287640828925,0.0013268250888780278,-0.005576864461407802,0.002274684648615407,-0.0029184043465377597,0.003436567368781854,-0.0003085463034577217,0.0008698659652709382,-0.003739233904192309,0.0011197776094944308,-0.012142288987614125,-0.012950106221409829,3.0429062220860484e-24
parking,0.028759925086352677,0.024879601610759382,0.12099376376443408,-0.035908513957025066,0.22235662541522416,-0.3100410218291859,0.13350409088493922,0.12155004793415278,0.010647071027027267,-0.2538290776075028,0.31033091236253696,-0.08028479679960591,-0.1705317781669476,0.4261796915407998,-0.0184865927519502,0.4177194561455352,-0.19965844091471902,-0.12431086412187924,0.03681996566788504,0.12299790519500191,-0.030851618524075378,0.060558885570288774,0.03097382717747141,0.039859402799318946,-0.07587533234457768,0.005611241169508654,0.01999213661554984,0.0036119185434984715,-0.016720189635012397,-0.006733621454431542,-0.010622864778756553,-0.012020645077835297,-0.015696516099351625,-0.034983098919585065,-0.019444969137213025,0.0008893004294303285,-0.004825158460836441,0.008428922592665403,-0.0007780571243626217,-0.0035868173825794555,-0.0024193021610536343,0.0008260565196075488,-2.225366614222607e-05,-0.012111930520743726,-0.013112825752343018,3.070377676480343e-24
industrial,0.05168429740217703,-0.06231248548074339,0.05917448377857656,-0.07028203686751427,0.34878073702109785,0.46531355872139024,-0.324267529853465,-0.10524615284956029,0.08653462879243118,0.3635201613982864,-0.04242358328509316,0.0677137198235487,0.19806252738248403,-0.07339111100327096,0.3500815527017565,0.11014877187502348,-0.2932725989976968,-0.06360876152960729,-0.03758547979308888,0.023479667178414838,-0.12747482366152255,-0.17338283124689893,0.2293136172889391,-0.016362989121612288,-0.07697645632941753,0.05089619589407743,-0.0041537781221482935,-0.00979192159310949,-0.05822515853784568,-0.033918717763138435,0.008248283638351735,-0.00303869127134714,-0.012286723612614492,-0.03164378431521274,-0.005919906911691437,0.005384371420853867,0.001303753207948138,0.0073100163622377675,0.002329866438598604,-0.0013580161167511217,-0.002185300880224512,0.0037483804045194916,-0.0009031218576690301,-0.00467078608963181,-0.0046823954352406445,1.1767847427347698e-24
place_diversity_entropy,0.06920308833568693,0.03917894268858385,0.09250077792895593,-0.03617902981135556,0.2863177331640314,-0.09338439747583817,0.03795787684214899,-0.053803484908878464,-0.049337794158869235,0.07804375642298662,0.018204383563745267,-0.012803194100268856,-0.006340807578974701,0.008920827239148435,0.10897112286842896,0.10541529907715598,-0.07365226169514302,-0.012226238804122921,-0.019626927729207048,0.007259149653154589,0.011708263645999863,0.02703870214775873,-0.006919809177342315,0.003176180651312017,0.06494127392568336,-0.09166494397653423,0.07373015077865089,0.04929044570261842,-0.0703481667939957,-0.04029943988102745,-0.03909766674068183,0.04974239228649129,0.11847428426176453,0.2749992669361887,0.07585581904997389,-0.028055374807830994,0.0032389295485074606,-0.03875578531900125,0.001512388545191345,0.018310963015439125,0.005883551219623486,-0.005875158554925712,0.0005439946701935224,9.001001252808603e-05,0.00011519079867386745,4.324276788741917e-25
green_vs_traffic_ratio_500m,-0.01043106902045723,0.040993673020768014,0.15278064211919007,-0.07525750557991258,0.34197285117744514,-0.45158871409879836,0.4342147743856737,0.25559281660359734,-0.2841758105580188,0.35635275124131316,0.034439013697742285,0.013276853174700119,0.1781934566436275,-0.1436877086944002,0.13412229800136438,-0.03691566367824224,0.03912830189688179,-0.07068266018928303,-0.016050468564152112,0.003195361098503158,0.037835276537357375,0.07026525706534244,-0.09507592443462942,-0.052154102987871,0.0768330622407808,-0.07533363839848803,0.05556129958084914,0.06334545214278828,-0.2064216816249455,-0.1228257494440626,-0.03523474506403926,-0.022401756409912585,-0.041025769843456704,-0.09410517639764351,-0.018667096213522836,0.0032773096061413346,0.00031352059393583386,0.009756500444330012,-0.0009576548320548426,-0.0050938169723161895,-0.0038577186575496944,0.002699355762630605,-0.0008818366124072856,3.409734157680015e-05,0.00011230074783809498,-1.9102864148946296e-25
capture_month_sin,0.0472753875252526,-0.22066547876749246,0.12127548026372455,0.03682660500467401,0.28195993875632813,0.5359867836416281,0.4674355321830876,0.5029740790776391,0.17677068118368602,-0.1358084072162574,-0.09340009751879225,-0.042141008321763054,-0.05894757081781047,0.024937180866193644,-0.026933381643248565,-0.07262036848007865,-0.004304697211474276,-0.03150247708336477,0.002474978139138415,-0.02510967400789243,-0.011309410548811299,-0.019466243740345883,-0.01999873142425001,0.00022892483726535658,-0.03996184755391762,-0.003057763908549921,-0.014124295222922703,0.012027765701425068,-0.01633330360921698,0.0010630570203299687,0.005875035026743678,0.0043936178507705415,-0.02241991132728061,0.002898922402723553,0.0013668839412340603,-0.004842653543957872,-0.011170332607094647,0.022030102231868343,0.004276356967201513,0.10457103146543155,0.08692403891714802,0.0214291935192383,6.863856100182403e-05,-5.1200294694188896e-05,-0.0002452873120178112,-1.222377625332879e-24
season_winter,-0.010579913684104771,0.006163234195234135,0.054826602534553834,0.02735053724018379,-0.13310933905994826,-0.459605275434523,-0.3117578254731582,-0.19148816467358212,-0.1634879560819333,-0.42383701471878416,-0.013057743201990208,0.4550373433043742,0.2684686954210685,0.04845153147246138,0.35353588790017215,0.012734666122686419,0.08641280253495526,-0.0009437623870861171,0.01700496460049681,-0.00470555257675798,-0.02264050206104297,-0.009882961021172731,-0.017496574073051996,-0.031807217602163276,0.03797508958124638,-0.012360555109121313,-0.005110960962813003,-0.019460731435388994,0.013618777599273763,0.024471712693366083,0.009571010725987802,0.01310429232499195,-0.01788794433086944,-0.01185979577388515,-0.005413890831650256,0.0004196485111837946,-0.00757858291191057,0.014695106158352894,0.004568387233102207,0.06397891559818789,0.05237134716671242,0.01481401898026403,-1.8281648675952694e-05,-6.884105974905523e-05,-9.457475191159271e-05,-7.706567183759598e-25
season_summer,0.0,-0.0,9.8895243839365e-33,-5.563108085077078e-30,1.3879932069556573e-28,-1.455069769559196e-24,-5.589919817426013e-24,-5.719979103706446e-23,-9.262313171899e-23,-1.0246210416506457e-20,-6.378582696682286e-21,-5.010789816383767e-19,-1.4359271185425345e-20,1.1803396400744385e-19,2.1445807105516084e-19,-1.6106560104806936e-19,2.5770029399915394e-19,4.567240408752829e-19,8.916049363461331e-20,3.772801274756838e-19,-1.7005515041408553e-19,-0.0,1.3596246709248666e-19,5.1486136158152e-19,-3.957493167642336e-18,-2.925381739025946e-17,-4.193217811757609e-17,-1.098469722673938e-16,-1.3417387411331572e-17,-7.73388945278654e-17,-4.9814852136104687e-17,6.929850687168084e-17,1.0141552556139708e-17,-1.958173898551864e-17,-0.0,-4.263894167699697e-18,1.571299885114981e-17,-2.2040928945847917e-17,1.6276097786201707e-17,3.3954296437417246e-17,7.68777711033246e-17,-2.6862286585925433e-17,3.1272756108087706e-18,1.5967217184889797e-16,-4.7406345785482234e-17,5.73947544774923e-09
season_autumn,-0.0752889268978393,0.24222668085103685,-0.18038587953509477,-0.05514520361019788,-0.20085008922579636,-0.33612875745212,-0.3381198022776882,-0.44299850472792407,-0.08555394867250607,0.4735950193161004,0.15756591689788363,-0.29051738038565517,-0.11551804076956594,-0.05049162974157969,-0.2275695642518538,0.055891762618294136,-0.06509353065389963,0.0014880712256664433,-0.0350176236880836,0.0200626453879828,0.04922149803218353,0.007376358652347627,0.012042004163426321,0.014590003447604373,0.0076075427457663655,0.02324888254942072,-0.015230006530241659,-0.001062227685274213,0.010590219260078191,-0.024968149113695746,-0.004921271599957854,-0.021845706861522166,-0.012629651428372574,-0.019054577190895577,0.004007642927601472,-0.005800919325770703,-0.01662018119858109,0.017662397537245866,0.005646255198557863,0.0878270246127767,0.07111086169868697,0.016882262642905828,-0.0007386941651653287,-7.330910365146159e-05,-9.267085262895713e-05,-1.034544793685068e-24
roi_h_mean,0.04393093078353017,0.09040769117189007,0.023928944127839847,0.0603938161624829,0.004625962611844944,0.0663297307217151,0.12013503541644255,-0.18503658620775582,0.001261642726514033,0.031279337017176834,-0.11075239478010865,-0.03040240285321276,-0.1277649853619421,-0.08550925902613858,0.1007728439863836,0.1348453334855631,0.11586280077815916,0.1057820555554348,0.006265574895836827,0.0032973549336584246,-0.030446419644027427,0.058888082626686586,0.0719246596824599,0.033802610057775774,-0.04055728640813936,-0.1911773729418257,0.05416833044529462,0.03608712988202066,0.023760074390512004,0.05046325125449773,0.011249079188721199,0.05411549256584477,0.004751380015526062,-0.00012504444060805201,0.018466143759818993,-0.019556506891011596,-0.04382386304267546,0.2049528017321874,0.013528418299174777,-0.016911542026045386,-0.004987198028423939,-0.0027240035856467945,0.0002002291810040618,0.0015618793728027127,-0.0015635897503263952,-5.801406301820332e-25
roi_h_std,-0.10147539627161759,-0.08477067851325396,0.09360997171203955,0.04052336690402787,0.08922793298256074,-0.09894665556799498,-0.39902227701536297,0.38165593652310953,0.13250884515490838,0.06383078854566741,0.16131590098579446,-0.16124165741664653,-0.28169801668008215,-0.0646160446774327,0.2941157147223292,0.11287885170720331,0.32083946245495526,0.29365195654578785,0.046163174167219295,-0.07680514786690014,-0.10087124288262518,0.027721714523437885,-0.06636077219839705,0.0023906015338783985,-0.025567107295326,0.21025831578734339,-0.009904239701471118,-0.0004824833916085831,-0.05042616068192695,-0.07289997177058952,-0.004311070622069201,0.023426652841208723,0.02190011806559788,0.013243222939261291,-0.01577447709009137,0.00044662485549792756,-0.007483138336511357,0.01286645065487508,-0.003478085050354163,6.5030418760264834e-06,-6.848795825378523e-06,-0.000591533581445094,-0.00019033982506147485,-0.00023485809706114854,0.00029617016980950316,7.037767850476879e-26
roi_lab_a_mean,0.021248025029167988,-0.03231418175766547,-0.03511268483201503,0.47795228882052404,-0.01109402996452877,0.07001258662282774,0.362958456295699,-0.27832878243891696,0.051544961651141266,0.004795972312493847,0.16302876010184564,-0.12730723547827014,-0.09060400411798535,0.17974224517715948,0.12116414739489915,0.12204995388618511,0.038697572165610934,0.21216464033340102,-0.13919946727551127,-0.18379852087825982,-0.08700799742479724,-0.23936755466613718,-0.004535930547854883,-0.16770805685240162,0.25229442159232157,-0.09065534926918806,-0.01312388077449746,0.005042196313902092,0.027565826767837056,0.030618011053532644,0.0096212617243027,0.017564652160195173,-0.01109434301954541,-0.04531320709695088,0.009144135002734815,0.012932920651299976,0.016171428988733055,-0.03572153353196674,-0.002679118180054111,0.00337208359032176,0.0007570286516177263,-0.00014952283914403198,-9.615861079558968e-05,-0.002456216250641763,0.0021044112931866738,9.88066370386506e-25
roi_lab_a_std,-0.4425269844886354,-0.3953357807224806,0.03829887925473073,0.9836968448496587,0.03154861733989195,-0.1526766253730213,-0.03379653779126259,0.02314703531393748,0.09405963157145948,-0.014286946563678968,0.25191589923842067,-0.1388494678314368,0.06425426285633114,0.002352832762891268,0.1379694705675151,-0.3285970555573735,-0.16161916021596293,0.02317508747561895,-0.1712339382545365,-0.08798232043865145,-0.1297706475642012,0.22215699295004607,0.057508024600486846,0.14946029239655317,-0.08966949933682268,-0.07571036204395495,0.005823035080467372,-0.03107290501201446,0.015596837324881745,0.014220996190270159,-0.00010963285554694607,-0.02248196372164177,-0.0034544163510773066,0.003664646828815668,0.0004828582996062722,0.000819777524087591,-0.002436898894439392,-0.010353080690130833,0.0009709745178351114,-0.0005482635912548628,-0.000747908903177249,0.0017437137569981448,0.0004271780789419975,-0.00016888945469268558,6.446162890834475e-05,1.1959930164535706e-25
