image_id,cluster_label,silhouette_value
6926dff2d9ad5d97847a2901,3,0.18459087541730657
6926e00dd9ad5d97847a2903,3,0.1178624706729058
69280f25d9ad5d97847a290d,1,0.07490569712957759
6928936dd9ad5d97847a291d,3,0.17724199758669665
69295f14d9ad5d97847a2923,3,-0.010453502142813155
692eb509d9ad5d97847a2932,4,0.08807202769184923
692f0f81d9ad5d97847a2936,2,-0.041749951073384896
692f5d0bd9ad5d97847a293b,4,0.09224031801090883
692f5d74d9ad5d97847a293d,4,0.09224031801090883
69343043d9ad5d97847a294d,3,0.20692177175694088
6934308ad9ad5d97847a2950,3,0.17647350611076862
693430d1d9ad5d97847a2953,3,0.040816127908839844
6934314bd9ad5d97847a2956,3,0.1473506954824438
69343615d9ad5d97847a295a,3,0.09844624937923097
69343692d9ad5d97847a295d,3,0.029661384622089376
69343728d9ad5d97847a2960,3,0.1542329011603505
693437b2d9ad5d97847a2963,3,0.0609547209326364
69343822d9ad5d97847a2966,3,-0.032472548869121126
693438d0d9ad5d97847a2969,3,0.09911933353253877
6934393cd9ad5d97847a296c,3,0.032166772528771904
69343995d9ad5d97847a296f,3,-0.03582908685397077
693439ebd9ad5d97847a2972,3,0.14516267908572994
69343ab2d9ad5d97847a2975,3,0.06238807353063102
69343b12d9ad5d97847a2978,3,0.06990339749938629
69343b6cd9ad5d97847a297b,3,0.17173829115499106
69343cafd9ad5d97847a297e,3,0.11840676505550903
69343d36d9ad5d97847a2981,3,0.14990607509468168
69343daad9ad5d97847a2984,3,0.13959660675498478
69343e0ad9ad5d97847a2987,3,0.13567938172730293
69343e61d9ad5d97847a298a,4,0.11075271146253518
69343ed5d9ad5d97847a298d,3,0.10771354196089766
69343fd4d9ad5d97847a2990,3,0.12565326314032657
6934400bd9ad5d97847a2993,3,0.1377033668083438
69344040d9ad5d97847a2996,3,0.1573684792738241
6934407cd9ad5d97847a2999,3,0.15233671730411377
693440d3d9ad5d97847a299c,3,-0.011451138738918244
69344117d9ad5d97847a299f,3,0.12460676883188765
69344177d9ad5d97847a29a2,3,0.1332530631388977
693441b2d9ad5d97847a29a5,4,0.11582764021710777
693441efd9ad5d97847a29a8,3,0.18104462902541682
69347aedd9ad5d97847a29ab,4,0.09321484724586894
6934833fd9ad5d97847a29af,4,0.08853676557705413
69349601d9ad5d97847a29b2,3,0.08652683915367915
69384715d9ad5d97847a29bf,4,0.10713913877185356
6947d9cbd9ad5d97847a29f4,1,-0.013670100858197903
69720450d9ad5d97847a2a53,4,0.2948232754360908
69720603d9ad5d97847a2a56,4,0.3097799855013371
697206f0d9ad5d97847a2a59,4,0.2984516008353854
6972071bd9ad5d97847a2a5b,4,0.2984516008353854
6972074fd9ad5d97847a2a5d,4,0.2185215670580061
69720794d9ad5d97847a2a60,4,0.2533165991822318
697207b3d9ad5d97847a2a62,3,-0.1125235638852243
697207d6d9ad5d97847a2a64,3,-0.03865067975094355
6972080dd9ad5d97847a2a67,4,0.1785955008985007
6972080fd9ad5d97847a2a69,3,-0.1125235638852243
69720871d9ad5d97847a2a6b,4,0.2574594336903938
69721145d9ad5d97847a2a72,2,0.1525593346379085
697213b7d9ad5d97847a2a75,3,0.01602778341209476
697213eed9ad5d97847a2a77,3,0.01602778341209476
6972141dd9ad5d97847a2a79,3,-0.026933460557618572
6972146cd9ad5d97847a2a7b,4,0.22671863109813595
697214a1d9ad5d97847a2a7d,2,0.20208726110891095
69721502d9ad5d97847a2a80,3,0.17829356889798256
69721c26d9ad5d97847a2a8a,3,0.15064218875524868
69721c86d9ad5d97847a2a90,1,0.030868413509743113
69721c88d9ad5d97847a2a92,4,0.2785526587110856
69721dd6d9ad5d97847a2a9a,4,0.24169974651177215
69721dd9d9ad5d97847a2a9c,1,0.11254418756250255
69721e79d9ad5d97847a2aa0,4,0.19376248365019336
697249bfd9ad5d97847a2aaa,4,0.2938692672138941
69724a8dd9ad5d97847a2aad,4,0.2402759264147659
69724ad0d9ad5d97847a2ab0,4,0.306464128594612
69724b2dd9ad5d97847a2ab3,4,0.2938692672138941
6972fd7dd9ad5d97847a2ab7,4,0.12424866202748559
6972fe02d9ad5d97847a2aba,4,0.17544617946190313
6972fea8d9ad5d97847a2abd,3,-0.1105431938857955
69732388d9ad5d97847a2ac1,4,0.12424866202748559
69733c21d9ad5d97847a2ac3,4,0.2938692672138941
69733dd9d9ad5d97847a2ac8,4,0.17868245639441213
6973407bd9ad5d97847a2acb,4,0.28056049940020383
6973427ed9ad5d97847a2acd,3,-0.12623684679848213
697342b2d9ad5d97847a2acf,4,0.28056049940020383
6973447ad9ad5d97847a2ad2,4,0.2859653907847137
6973467bd9ad5d97847a2ad5,3,0.09869193749181138
69765e3fd9ad5d97847a2ae2,1,0.06020014488039196
69765ef0d9ad5d97847a2ae5,4,0.1741515468304082
69772bd9d9ad5d97847a2aea,1,0.08932407553677246
69772c8bd9ad5d97847a2aed,1,0.08932407553677246
69772d68d9ad5d97847a2af0,1,0.024506185800574697
69772e2fd9ad5d97847a2af3,1,0.014247688318647936
6977b8a0d9ad5d97847a2b00,4,0.34860167941559034
697c6e89d9ad5d97847a2b1c,4,0.2771384722277873
698095fdd9ad5d97847a2b2b,1,-0.05096064061417353
6980c91ad9ad5d97847a2b31,4,0.3015219018087119
6980c9efd9ad5d97847a2b34,4,0.17137354988751158
6984c164d9ad5d97847a2b44,4,0.21784402635437625
6984c21ed9ad5d97847a2b47,4,0.15523392937878405
6985abebd9ad5d97847a2b50,4,0.17773303893953027
6985ac55d9ad5d97847a2b53,4,0.22534547328027393
69884ef8d9ad5d97847a2b5e,3,0.1973567160316055
69885026d9ad5d97847a2b60,4,0.34860167941559034
698850e1d9ad5d97847a2b63,3,0.2621525393883112
69885174d9ad5d97847a2b65,2,0.18280280560638534
69885275d9ad5d97847a2b67,3,0.0044627946022659775
69885474d9ad5d97847a2b69,3,0.2147320409670235
69885728d9ad5d97847a2b6d,4,0.3548831177730994
698857f0d9ad5d97847a2b6f,3,0.16929005641397557
698858aad9ad5d97847a2b71,3,0.058798940592488656
69885956d9ad5d97847a2b73,3,0.14498301534372807
69885b91d9ad5d97847a2b77,3,0.004181839958511487
69885c70d9ad5d97847a2b79,3,0.10244647934855532
6989c8a2d9ad5d97847a2b82,3,0.06890866011575926
6989c97fd9ad5d97847a2b86,4,0.193177443077451
6989c9d9d9ad5d97847a2b88,4,0.2505184585803504
6989c9dcd9ad5d97847a2b8a,4,0.23943421911157917
6989ca90d9ad5d97847a2b90,4,0.2095139059419576
6989caadd9ad5d97847a2b92,3,0.2035766224873719
6989caf0d9ad5d97847a2b95,4,0.21681600876209525
6989cbb2d9ad5d97847a2b98,4,0.31688301874010294
6989cc16d9ad5d97847a2b9b,4,0.26088295745192686
6989cc1cd9ad5d97847a2b9d,4,0.28554333484125033
6989cf0fd9ad5d97847a2ba1,4,0.27918109541301317
6989cf82d9ad5d97847a2ba4,4,0.32101505449146767
698c592cd9ad5d97847a2bc9,1,0.18209821119965267
69965222d9ad5d97847a2be6,4,0.15796309299548195
69965235d9ad5d97847a2be9,4,0.15796309299548195
69965294d9ad5d97847a2bec,4,0.16038917887095394
69974007d9ad5d97847a2bf1,3,-0.10174672741782334
6997401bd9ad5d97847a2bf3,3,-0.10174672741782334
69982157d9ad5d97847a2bfd,4,0.18626565201794518
69982204d9ad5d97847a2c00,4,0.2657205623768102
6998225fd9ad5d97847a2c03,4,0.2657205623768102
69982271d9ad5d97847a2c05,4,0.18626565201794518
699eed1ed9ad5d97847a2c1e,3,0.21632813142914972
69a15879d9ad5d97847a2c28,4,0.14296882932425148
69a19b00d9ad5d97847a2c31,4,0.14161025028383534
69a19c3ed9ad5d97847a2c34,1,0.17691557084648593
69a1e44ed9ad5d97847a2c43,4,0.12994624464323223
69a1e4cbd9ad5d97847a2c45,4,0.29958779319894824
69a5862ad9ad5d97847a2c50,1,0.0681761619594938
69a5c2e2d9ad5d97847a2c53,1,0.04359491958814144
69a699a3d9ad5d97847a2c58,4,0.25004854385246056
69a69b14d9ad5d97847a2c5b,4,0.3015109349722092
69a85b0ed9ad5d97847a2c67,4,0.28517362052682066
69a85f63d9ad5d97847a2c6a,4,0.21571166917271026
69a8658cd9ad5d97847a2c6c,4,0.2310298527015421
69a88292d9ad5d97847a2c72,4,0.2791055085969268
69a89a29d9ad5d97847a2c77,4,0.21292558823063126
69a89bc5d9ad5d97847a2c79,4,0.21292558823063126
69a94d6cd9ad5d97847a2c7e,4,0.21616920227821054
69a9568fd9ad5d97847a2c81,4,0.2164240020027584
69a9579ed9ad5d97847a2c84,4,0.256538887835252
69a9581dd9ad5d97847a2c87,4,0.256538887835252
69a9588ad9ad5d97847a2c8a,4,0.22536777576848935
69a95926d9ad5d97847a2c8d,4,0.22624648657666016
69a95992d9ad5d97847a2c90,4,0.1961724534455117
69a96614d9ad5d97847a2c95,2,0.051708856235580455
69a98e0dd9ad5d97847a2c9e,4,0.23803273856773532
69a98e81d9ad5d97847a2ca1,4,0.2615619902764407
69a99290d9ad5d97847a2ca4,4,0.2858688304954944
69a9aa6ed9ad5d97847a2cab,2,0.20443639811751968
69aa0c6ed9ad5d97847a2cb5,4,0.14468170224927365
69aa0fcfd9ad5d97847a2cb8,1,0.05641799824436511
69aa1178d9ad5d97847a2cbb,4,0.2295867688395532
69aa12eed9ad5d97847a2cbe,4,0.17971512345862126
69aa8154d9ad5d97847a2cc5,2,0.1912381186594374
69aa81e3d9ad5d97847a2cc7,4,0.23106263453773307
69aa8218d9ad5d97847a2cc9,1,0.07746552589171178
69aa8282d9ad5d97847a2ccb,1,0.07746552589171178
69aa82dcd9ad5d97847a2ccd,1,0.07746552589171178
69aa8325d9ad5d97847a2cd0,1,0.07746552589171178
69aa8342d9ad5d97847a2cd2,4,0.14261713916592328
69aa8357d9ad5d97847a2cd4,1,0.07025506465087099
69aa83a0d9ad5d97847a2cd8,1,0.056752248697291605
69aa83d1d9ad5d97847a2cda,1,0.07746552589171178
69aa8530d9ad5d97847a2ce0,4,0.20201833207546782
69aa858dd9ad5d97847a2ce2,4,0.2018340817740725
69aa85f5d9ad5d97847a2ce4,4,0.17112332355508844
69aa891cd9ad5d97847a2ce8,4,0.23328051783355733
69aaac33d9ad5d97847a2ced,4,0.25886810440122565
69aaac8cd9ad5d97847a2cf0,1,0.030647645739512716
69aacb23d9ad5d97847a2cf3,4,0.18368079122352818
69aacc1fd9ad5d97847a2cf6,4,0.1435573159368362
69aafae3d9ad5d97847a2cfa,3,0.08733206488114549
69aafc2fd9ad5d97847a2cfc,2,0.08806892273165033
69aafc79d9ad5d97847a2cfe,2,0.08806892273165033
69ab0e0fd9ad5d97847a2d05,4,0.15677340998844533
69ab2d76d9ad5d97847a2d0a,4,0.2778938546677364
69ab2e0dd9ad5d97847a2d0d,4,0.2593141192600759
69ab2e77d9ad5d97847a2d10,4,0.27881674591183314
69ab33ded9ad5d97847a2d13,3,0.20294643437784196
69ab3443d9ad5d97847a2d16,3,0.13800256026151628
69ab3493d9ad5d97847a2d19,3,0.19357376661798625
69ab34f4d9ad5d97847a2d1c,4,0.22945010642216507
69ab355ad9ad5d97847a2d1f,4,0.1468650957398381
69ab35e4d9ad5d97847a2d22,4,0.1995015050963139
69ab5abfd9ad5d97847a2d24,4,0.14080773258222876
69abe263d9ad5d97847a2d26,4,0.22091102853552633
69abe319d9ad5d97847a2d28,4,0.24379738971729983
69abff01d9ad5d97847a2d36,4,0.2348537412019466
69abffc8d9ad5d97847a2d3b,4,0.15703064345466364
69ac0043d9ad5d97847a2d3f,1,0.08126131559011406
69ac0113d9ad5d97847a2d41,1,0.04616068480150789
69ac018cd9ad5d97847a2d43,1,-0.011678832392508397
69ac01c8d9ad5d97847a2d45,1,0.08126131559011406
69ac024bd9ad5d97847a2d47,1,0.08126131559011406
69ac02ead9ad5d97847a2d49,4,0.2348537412019466
69ac0304d9ad5d97847a2d4b,4,0.17133681104645673
69ac036ed9ad5d97847a2d4d,1,-0.014265237563411864
69ac0560d9ad5d97847a2d4f,4,0.21784812104528545
69ac569ed9ad5d97847a2d5b,4,0.15389220179164884
69ac7a49d9ad5d97847a2d60,1,0.04889744659400585
69ac7b46d9ad5d97847a2d63,4,0.20192202710370327
69ac83e4d9ad5d97847a2d69,1,0.14216446690510226
69ac8461d9ad5d97847a2d6c,1,0.08630266143586125
69ac84ecd9ad5d97847a2d6f,1,0.15791231249895346
69ac854fd9ad5d97847a2d72,1,0.16872148148919186
69ac85fed9ad5d97847a2d75,1,0.08672717803320934
69ac872ed9ad5d97847a2d81,4,0.28450480481127594
69ac88bed9ad5d97847a2d84,4,0.2944317042362321
69ac8942d9ad5d97847a2d87,4,0.22979672227906814
69ac8bfdd9ad5d97847a2d8d,4,0.13813862937472665
69ac92a5d9ad5d97847a2d93,4,0.21239354178851372
69ac93bfd9ad5d97847a2d99,4,0.2454413680822775
69ac9465d9ad5d97847a2d9c,4,0.2454413680822775
69ac94ded9ad5d97847a2d9f,4,0.1273591209250334
69ac97cbd9ad5d97847a2daa,4,0.15237301916890736
69ac985dd9ad5d97847a2dad,4,0.18257474597560205
69aca5e4d9ad5d97847a2db1,1,0.032519131186238566
69ada929d9ad5d97847a2db5,3,0.020632314289925426
69add324d9ad5d97847a2dba,3,-0.10179881102349664
69aea07bd9ad5d97847a2dbf,4,0.21571166917271026
69aea2b2d9ad5d97847a2dc2,3,-0.0326817164503557
69aec57ed9ad5d97847a2dc8,4,0.19656116430690004
69aec5f7d9ad5d97847a2dca,4,0.20917369335702593
69aec767d9ad5d97847a2dcd,4,0.28972503011657424
69aec880d9ad5d97847a2dd0,4,0.2355606350891384
69aec905d9ad5d97847a2dd3,4,0.26867984472880957
69aec99fd9ad5d97847a2dd7,4,0.2107870182356663
69afe019d9ad5d97847a2df3,2,0.22938322569585756
69b002ead9ad5d97847a2df7,2,0.11608631680481904
69b14717d9ad5d97847a2e6b,4,0.1611352035029825
69b19040d9ad5d97847a2e8f,4,0.27457996320340256
69b19262d9ad5d97847a2ea5,4,0.23365415835081707
69b1936fd9ad5d97847a2ea9,2,0.19719413720778647
69b19d44d9ad5d97847a2ee6,1,0.057849159976957075
69b1a013d9ad5d97847a2eee,3,0.10651730622349533
69b1a1e8d9ad5d97847a2ef4,3,-0.00460006034212086
69b1a2c7d9ad5d97847a2ef7,3,0.1220907999220314
69b1a3c7d9ad5d97847a2efc,3,0.13037033868843545
69b1a4eed9ad5d97847a2f00,4,0.1718876828772828
69b1a7dbd9ad5d97847a2f08,4,0.20064327384778785
69b1aa58d9ad5d97847a2f14,2,0.1747348259771094
69b1aaced9ad5d97847a2f16,2,0.2881487830455512
69b1ad42d9ad5d97847a2f24,2,0.2293904078859284
69b1aeebd9ad5d97847a2f2f,2,-0.10111627175484324
69b1b163d9ad5d97847a2f45,2,0.00409465274017619
69b1b1a6d9ad5d97847a2f4a,4,0.21561918233289776
69b1b211d9ad5d97847a2f50,2,0.06359069977413105
69b1b2a1d9ad5d97847a2f54,2,-0.10111627175484324
69b1b356d9ad5d97847a2f57,2,0.31910717566007624
69b1b405d9ad5d97847a2f5a,2,0.18503868959256767
69b1b532d9ad5d97847a2f5e,2,0.2342999273971758
69b1b632d9ad5d97847a2f62,4,0.2517898668242685
69b1b6edd9ad5d97847a2f68,3,0.006110810514479077
69b1b791d9ad5d97847a2f6a,4,0.24534810751942474
69b1bd9dd9ad5d97847a2f73,3,0.05705635371644644
69b1c1d1d9ad5d97847a2f84,2,0.11125714218010788
69b1c2c2d9ad5d97847a2f86,2,0.1917699156422276
69b1c3cad9ad5d97847a2f8a,2,-0.04875949284235634
69b1c405d9ad5d97847a2f8c,2,0.20343052845738066
69b1c4d7d9ad5d97847a2f92,2,0.21648833888610788
69b1c514d9ad5d97847a2f95,2,0.21648833888610788
69b1cd5ad9ad5d97847a2f9d,2,0.20890720893614914
69b1e538d9ad5d97847a2fb0,2,0.09159835624460806
69b282a7d9ad5d97847a2feb,2,0.18749289206953507
69b2ce24d9ad5d97847a3015,2,0.1857160150176206
69b2e42ad9ad5d97847a3019,2,0.20694641137756237
69b2e80bd9ad5d97847a3020,2,0.2342999273971758
69b2ed06d9ad5d97847a3024,2,0.2881487830455512
69b2ed87d9ad5d97847a3026,2,0.2881487830455512
69b2fa2dd9ad5d97847a302b,4,0.23583400637581972
69b2fb76d9ad5d97847a3031,4,0.2479591975614259
69b2fc4fd9ad5d97847a3034,4,0.3032264670777305
69b7e0d7d9ad5d97847a3069,1,0.030647645739512716
69b7e132d9ad5d97847a306b,1,0.05616879285276667
69b7e241d9ad5d97847a306d,4,0.257581589540236
67a9e64053cbeee68ea6075e,3,0.08356000918384696
67a9e67253cbeee68ea60761,3,0.09507615755984725
67a9f4d553cbeee68ea60764,3,0.16861519447828732
67a9f9ad53cbeee68ea60767,3,0.16174880329538377
67aa525d3ac225e471110253,4,0.1874376500989324
67ab0dac3ac225e47111025d,3,0.1676075751797892
67b312fc3ac225e471110268,1,0.10966235839409366
67b313963ac225e47111026d,4,0.29509401794236473
67b315a73ac225e47111026f,4,0.22740885692651283
67b316ce3ac225e471110271,2,0.2716992116150211
67b317b03ac225e471110273,4,0.11896802295906368
67b317df3ac225e471110275,2,0.2716992116150211
67b32d813ac225e471110278,4,0.11896802295906368
67b3791a3ac225e47111027d,4,0.2728661971664616
67b37d543ac225e47111027f,2,0.3199982859994333
67b3c3433ac225e471110282,3,0.1676075751797892
67b4db783ac225e471110285,3,0.16383159088113639
67b4e0e73ac225e471110289,3,0.1604216361078611
67b59d923ac225e471110290,4,0.1739555591892322
67b59ee63ac225e471110293,4,0.25183345443891425
67b5d7783ac225e471110299,4,0.15513917605703464
67b5f1e23ac225e47111029c,4,0.26431208781067395
67b5f2833ac225e47111029f,4,0.1777647680019867
67b5f2f13ac225e4711102a2,4,0.25909224542992504
67b5f3ba3ac225e4711102a5,4,0.23193900808882703
67b5f4b93ac225e4711102a8,4,0.26837595110022733
67b5f5313ac225e4711102ab,4,0.18910815645479373
67b5f6443ac225e4711102ae,4,0.17698923986321635
67b5f6ae3ac225e4711102b1,4,0.28413470609731706
67b5f74b3ac225e4711102b4,4,0.3189181876247031
67b5f7b73ac225e4711102b7,4,0.2234414462221301
67b5f84a3ac225e4711102ba,4,0.2401252488729344
67b5f8f83ac225e4711102bd,4,0.2757169698942899
67b5f94e3ac225e4711102c0,4,0.2798993376764985
67b5fadd3ac225e4711102c3,4,0.28762146218884077
67b747a83ac225e4711102c8,1,0.03268723926898369
67b748053ac225e4711102cb,4,0.20561318634401782
67b878733ac225e4711102d2,4,0.30366933512409383
67b9ac883ac225e4711102d7,2,0.346038839127411
67b9ad063ac225e4711102d9,4,0.28972836537664837
67b9ba383ac225e4711102dc,4,0.30366933512409383
67bc6f013ac225e4711102e5,1,0.093701275362977
67bc6f493ac225e4711102e7,1,0.12812464309777188
67bc6fc13ac225e4711102e9,1,0.12812464309777188
67bc70213ac225e4711102eb,4,0.19138925494075693
67bc70cf3ac225e4711102ee,4,0.21804352754421133
67bcb3523ac225e4711102f0,2,0.14261940999201597
67bcb4113ac225e4711102f5,2,0.2057860721098741
67bcb5923ac225e4711102f7,2,0.2057860721098741
67bf2c903ac225e471110305,4,0.2396252821140341
67bf2d123ac225e471110308,4,0.26563210607804716
67c06f1a3ac225e47111030c,4,0.28444519786870504
67c06f663ac225e47111030f,4,0.28444519786870504
67c096683ac225e471110313,1,0.05632037052490679
67c0968b3ac225e471110315,1,0.06883426457479302
67c0970a3ac225e47111031d,1,0.10157155153866018
67c097ad3ac225e471110321,3,-0.05280887047180403
67c098993ac225e471110324,1,0.011623030364547529
67c09b893ac225e471110327,1,0.04475772740896208
67c0a2e83ac225e47111032a,4,0.18792934722921228
67c193163ac225e471110338,4,0.21100898032737328
67c1941d3ac225e47111033b,4,0.26801149855376993
67c48bd83ac225e471110342,1,0.13106834867740016
67c5b6bb3ac225e471110349,4,0.2032278289318287
67c5b8803ac225e47111034c,1,-0.024968417109087516
67c5bb913ac225e47111034f,4,0.2576258076846202
67c80ab53ac225e471110356,4,0.30175901332084315
67c80b7d3ac225e471110359,4,0.20704901768421624
67c80c233ac225e47111035c,4,0.2235035973631959
67c80ca33ac225e47111035e,4,0.1918438722900746
67c80d293ac225e471110360,4,0.23457358762453426
67c80dec3ac225e471110362,4,0.20422048076689384
67c80e4f3ac225e471110364,4,0.1906766985317823
67c80ea33ac225e471110366,4,0.19062051391646528
67c825893ac225e471110368,4,0.19265743722061232
67c827c63ac225e47111036d,4,0.21765621683145042
67c829e53ac225e471110370,4,0.20681705938572162
67c82b383ac225e471110375,4,0.14338091225166905
67c840c63ac225e47111037e,4,0.28563875300866437
67c8418d3ac225e471110381,4,0.23466450337897837
67c843663ac225e471110388,4,0.23468611126088176
67c84a3c3ac225e47111038c,4,0.17219087977648223
67c84aa23ac225e47111038e,4,0.13825956215221843
67c84ae03ac225e471110390,1,0.07710537140739018
67c9467e3ac225e471110395,1,0.15164653112489046
67c982b33ac225e47111039c,4,0.24769386892900838
67c9831f3ac225e47111039e,4,0.15851904455226423
67c983583ac225e4711103a0,1,-0.010534175173635906
67c98be83ac225e4711103a2,4,0.25260613148871497
67cb46103ac225e4711103ae,4,0.3121819842826193
67cb46663ac225e4711103b0,4,0.29086204605334404
67cb46b53ac225e4711103b2,4,0.31689428011106824
67cc214e3ac225e4711103b7,4,0.2576258076846202
67cc21573ac225e4711103b9,4,0.2576258076846202
67cc21963ac225e4711103bb,4,0.2576258076846202
67cea1243ac225e4711103c7,4,0.17970179455213456
67cea1663ac225e4711103ca,4,0.10567768154177759
67cea1e73ac225e4711103d0,4,0.23466450337897837
67cea1f93ac225e4711103d3,4,0.2021150689098278
67cea2d23ac225e4711103da,4,0.23785479929192577
67cea2ea3ac225e4711103dc,4,0.2755307066582111
67cea3223ac225e4711103de,1,-0.027437263061884275
67cea3cb3ac225e4711103e1,4,0.26460419258290385
67cea3eb3ac225e4711103e3,4,0.21956501265238593
67cea4c93ac225e4711103e6,4,0.18833212619978082
67cea5053ac225e4711103e9,3,0.20103677051684418
67cea50c3ac225e4711103eb,4,0.21609583993848905
67cea5b63ac225e4711103ed,4,0.21609583993848905
67cea6723ac225e4711103ef,4,0.17786799067983572
67cea6c53ac225e4711103f1,4,0.29307506997307037
67cea6fa3ac225e4711103f3,4,0.28471863011384446
67cea7083ac225e4711103f5,1,-0.027437263061884275
67ceb59f3ac225e4711103fa,1,0.13539209746002773
67ceb5e53ac225e4711103fd,1,0.07631669116412791
67ceb6783ac225e471110400,4,0.19019472969310391
67ceb6933ac225e471110404,1,0.15576879777131153
67ceb8ad3ac225e471110406,4,0.2831273208646293
67ceb9093ac225e471110408,4,0.2021150689098278
67ceb94b3ac225e47111040b,4,0.2021150689098278
67ceb9743ac225e47111040e,4,0.2927771077695053
67ceb9a73ac225e471110410,4,0.2548280737981155
67cec1143ac225e471110417,4,0.28213785243606204
67cec3043ac225e47111041a,3,0.01129715595266958
67cece943ac225e47111041c,4,0.2195577375656955
67cfeec43ac225e471110421,4,0.25700911338597904
67cfef183ac225e471110423,4,0.28570500794467446
67cfefc13ac225e471110425,4,0.11010359089139425
67cff1f03ac225e47111042b,4,0.3058246092546145
67cff1f33ac225e47111042d,4,0.25712868826095653
67cff2c93ac225e471110431,4,0.2260969932739861
67cff33d3ac225e471110434,1,0.05562693981045853
67cff35c3ac225e471110436,4,0.2527339658454727
67cff3b93ac225e471110438,4,0.279071525049081
67cff4083ac225e47111043b,4,0.313236950896576
67cff4a53ac225e47111043f,4,0.24847637271949308
67d018a83ac225e471110449,1,0.09698840427252806
67d01e7d3ac225e47111044c,4,0.16006197304281686
67d029a93ac225e471110450,1,0.07136910797468297
67d045153ac225e471110455,1,0.0953510442688324
67d045443ac225e471110457,1,0.0953510442688324
67d04b7b3ac225e47111045c,4,0.25874403746703495
67d04c043ac225e47111045f,4,0.19555266627381235
67d04c6d3ac225e471110462,1,0.03032614931788504
67d04d5c3ac225e471110464,4,0.24769817903069224
67d0650a3ac225e471110469,4,0.2243454883604118
67d0a9d13ac225e47111046e,3,0.1645923869503171
67d15c823ac225e471110470,1,0.10200448024563692
67d15d413ac225e471110473,1,0.10200448024563692
67d15d913ac225e471110475,1,0.14015239747699712
67d16ea33ac225e471110478,4,0.2895330515494568
67d16f273ac225e47111047a,4,0.31262951979645376
67d16f4e3ac225e47111047c,4,0.31689428011106824
67d170fa3ac225e471110480,4,0.289877671683149
67d1712d3ac225e471110482,4,0.289877671683149
67d171c03ac225e471110485,4,0.16076239877673446
67d171e63ac225e471110487,4,0.14690845747510797
67d1722a3ac225e471110489,4,0.3044629479446253
67d172b43ac225e47111048b,4,0.14690845747510797
67d173543ac225e47111048d,4,0.24042994046956778
67d174453ac225e471110490,4,0.23320664923161621
67d174cf3ac225e471110492,4,0.17851552848840527
67d1d51e3ac225e471110496,4,0.33320523249880535
67d1d6193ac225e471110499,4,0.30871911581018824
67d1d6903ac225e47111049c,4,0.23927732125320036
67d1d6f13ac225e47111049f,1,-0.003139295146113193
67d28bc43ac225e4711104a5,4,0.2873748970052866
67d28e733ac225e4711104a8,4,0.3596493524046892
67d2914f3ac225e4711104ae,4,0.2100986947174414
67d2a2903ac225e4711104b2,4,0.3388254410932941
67d2a3aa3ac225e4711104b4,4,0.2816095985105605
67d2be5d3ac225e4711104b7,4,0.2853036246726801
67d2d56a3ac225e4711104b9,4,0.2503042884815368
67d2d6e63ac225e4711104bc,2,0.15307817283465144
67d300a13ac225e4711104bf,1,0.14475812522494308
67d326603ac225e4711104c2,4,0.3323489294310174
67d339c13ac225e4711104c4,1,0.05113086807931705
67d33a713ac225e4711104c7,1,0.0741512146086556
67d34a323ac225e4711104cd,4,0.1480433868991554
67d34ab93ac225e4711104d0,4,0.3325391474380704
67d34b0d3ac225e4711104d3,4,0.3143337564297875
67d34b6f3ac225e4711104d6,4,0.24621144005194565
67d34c5f3ac225e4711104db,4,0.24621144005194565
67d34ca03ac225e4711104de,4,0.33189671763386247
67d34cf33ac225e4711104e1,4,0.23928673311884419
67d3f2443ac225e4711104e5,4,0.18004451458549847
67d3f3fa3ac225e4711104e8,4,0.25888951936221016
67d3ff303ac225e4711104eb,4,0.23598617068832153
67d40e033ac225e4711104f0,1,-0.05526356198831464
67d40e7a3ac225e4711104f3,4,0.21341416994650753
67d4111a3ac225e4711104f7,4,0.1710505790308062
67d4111e3ac225e4711104f9,1,0.04227360355448389
67d4115b3ac225e4711104fc,4,0.24042994046956778
67d57b5b3ac225e471110504,4,0.3668777880634495
67d589253ac225e471110507,4,0.2840034039590037
67d589633ac225e47111050a,4,0.2840034039590037
67d69c7c3ac225e47111050e,4,0.24474303801236083
67d6a60f3ac225e471110511,4,0.1646978258685371
67d6e5e93ac225e471110514,1,0.14619410924204948
67d7778f3ac225e471110517,3,0.16838991741186632
67d7e86b3ac225e47111051a,1,0.17945238017554854
67d7e9143ac225e47111051c,1,0.17945238017554854
67d7ef6e3ac225e47111051e,4,0.23618789930382425
67d7efa93ac225e471110520,1,0.11994683470456305
67d7f47d3ac225e471110523,2,-0.07567799300372738
67d7f6d03ac225e471110525,4,0.2687783853659934
67d7fbb23ac225e471110527,1,0.13260993985069452
67d7fd2f3ac225e471110529,4,0.19714202414122184
67d8000f3ac225e47111052f,4,0.2899337911813287
67d800be3ac225e471110532,4,0.3076733090935545
67d8017a3ac225e471110535,4,0.32198417457319806
67d8024b3ac225e471110538,2,-0.1643264289560763
67d805153ac225e47111053e,4,0.24750745516164716
67d805cb3ac225e471110541,4,0.26655355504701267
67d806553ac225e471110544,4,0.2795212042171988
67d807ac3ac225e471110547,4,0.3114030621776625
67d808743ac225e47111054a,4,0.30219569868232543
67d809013ac225e47111054c,4,0.2599313842778141
67d809c33ac225e47111054e,4,0.18279237767574305
67d81fc43ac225e471110550,4,0.2103848206562693
67d821023ac225e471110552,2,0.34005928790600576
67d822a63ac225e471110557,4,0.25097890862510636
67d82bc83ac225e471110559,4,0.2472383453036215
67d855a43ac225e47111055b,2,0.30460090379261295
67d895413ac225e47111055f,4,0.08416043851922031
67d897843ac225e471110563,2,-0.06845984062602063
67d8a2423ac225e471110566,4,0.19883483438196847
67d91a3e3ac225e47111056a,4,0.23484774712495934
67d91d673ac225e47111056f,2,0.2114209830411736
67d91e193ac225e471110574,3,0.017379386919616546
67d91edc3ac225e471110577,2,0.2114209830411736
67d9235b3ac225e47111057d,3,0.15663663223138863
67d92a953ac225e47111058a,4,0.24042994046956778
67d955cc3ac225e471110592,2,0.31159740627837923
67d9584a3ac225e471110594,4,0.16231491660106864
67d959753ac225e471110596,1,0.10966284143581684
67d995623ac225e47111059e,4,0.3424213011728155
67d99a693ac225e4711105a3,4,0.19538396349812026
67d99bbc3ac225e4711105a5,4,0.07629336909250721
67d99c673ac225e4711105a8,3,0.11144407795111931
67d99fb43ac225e4711105ab,4,0.33924229000379835
67d9a0243ac225e4711105ae,4,0.2923798725094406
67d9a13d3ac225e4711105b1,4,0.2923798725094406
67d9a1613ac225e4711105b3,4,0.2923798725094406
67d9d00c3ac225e4711105b9,1,0.19472204845362698
67d9d0bf3ac225e4711105bc,4,0.2982654647919714
67d9d8473ac225e4711105bf,4,0.13990877783405112
67da5cd83ac225e4711105c2,1,0.07204648303096363
67da99573ac225e4711105c4,4,0.1743962729482427
67da99ef3ac225e4711105c8,4,0.25781254679270393
67da99f03ac225e4711105ca,4,0.19283241498886028
67da9a763ac225e4711105cf,4,0.17962375837369163
67da9b283ac225e4711105d1,4,0.18557684365743332
67da9bd33ac225e4711105d3,4,0.1911323689275794
67dabb5f3ac225e4711105e6,4,0.1911323689275794
67dabb7f3ac225e4711105e8,4,0.3114030621776625
67dabbf53ac225e4711105ea,4,0.2103848206562693
67dbbfae3ac225e4711105f1,4,0.2147916841591452
67dbcac63ac225e4711105f3,1,-0.07902665360942156
67dbcb133ac225e4711105f5,4,0.22849533751594575
67dbcb6b3ac225e4711105fa,4,0.21075459564027005
67dbcbc93ac225e4711105fd,3,-0.0723044575367633
67dbcbff3ac225e4711105ff,4,0.21768330194484192
67dbcc233ac225e471110602,2,-0.08143215591746088
67dbcc693ac225e471110605,2,-0.05657316800789427
67dbcca93ac225e471110609,1,0.08696585439001238
67dbccd73ac225e47111060b,2,0.23825049601224565
67dbccf73ac225e47111060e,1,0.1161370749309052
67dbcd3a3ac225e471110610,1,0.09691889009249252
67dbcfbb3ac225e471110616,4,0.33658155842010146
67dbd0273ac225e471110619,1,0.05687452397975708
67dbd0a43ac225e471110621,4,0.2187755486070314
67dbd1163ac225e471110626,3,-0.12899371870568244
67dbd1c23ac225e471110630,3,0.12696170788822597
67dbed5e3ac225e471110637,4,0.1860105488871446
67dbed683ac225e471110639,4,0.1860105488871446
67dbed693ac225e47111063b,4,0.1688532935801547
67dbf0d73ac225e47111063f,4,0.060316923748338754
67dc0bd43ac225e471110643,4,0.3070285700896004
67dc0c2f3ac225e471110646,3,-0.1563059757231765
67dc0c8f3ac225e471110649,4,0.27351065248673534
67dc0ca13ac225e47111064b,1,0.17071160932372578
67dc0cc93ac225e47111064f,4,0.2584166559407478
67dc0cdf3ac225e471110651,4,0.3484163373646852
67dc0cfe3ac225e471110654,1,-0.08138942413556342
67dc0d2d3ac225e471110658,4,0.37131327553113364
67dc0d5c3ac225e47111065b,4,0.2770827972672227
67dc0d7a3ac225e47111065d,4,0.3245305548334819
67dc0dda3ac225e471110660,3,-0.1563059757231765
67dc0ea63ac225e471110663,4,0.2770827972672227
67dc0ed63ac225e471110665,4,0.3631910242024193
67dc0fc53ac225e471110667,4,0.27351065248673534
67dc102a3ac225e47111066a,4,0.3449803685407608
67dc102d3ac225e47111066c,4,0.3070285700896004
67dc10553ac225e47111066e,4,0.3484163373646852
67dc107c3ac225e471110672,4,0.2902459606532175
67dc10823ac225e471110674,4,0.3326523237436762
67dc10993ac225e471110676,4,0.37131327553113364
67dc10a03ac225e471110678,1,0.17071160932372578
67dc10b53ac225e47111067b,1,0.056069661361255185
67dc10bb3ac225e47111067d,1,0.20482928494017721
67dc10e83ac225e471110680,1,-0.08138942413556342
67dc10f63ac225e471110682,4,0.3245305548334819
67dc11153ac225e471110684,4,0.2770827972672227
67dc11353ac225e471110686,4,0.3449803685407608
67dc11da3ac225e471110689,4,0.3631910242024193
67dc121e3ac225e47111068b,4,0.23464597083671462
67dc12333ac225e47111068d,4,0.2584166559407478
67dc12983ac225e471110690,4,0.291840280966997
67dc13413ac225e471110692,1,-0.0071892110264187995
67dc13563ac225e471110694,4,0.2902459606532175
67dc2cde3ac225e471110697,1,0.16338694960452915
67dc2d7e3ac225e47111069a,1,0.0567212523027162
67dc3b943ac225e47111069c,4,0.3223500548611666
67dca2683ac225e47111069f,2,0.1285478739482008
67dd32b53ac225e4711106aa,4,0.10737429955521194
67dd37f53ac225e4711106ac,1,0.15602526333263825
67dd47173ac225e4711106b2,4,0.27861797782151576
67dd49b43ac225e4711106b4,4,0.1879131204485539
67dd49be3ac225e4711106b6,4,0.31114322698561914
67dd4a443ac225e4711106bb,4,0.2061188288051324
67dd4aca3ac225e4711106bd,4,0.29062156930982097
67dd4ca73ac225e4711106c2,4,0.2998939123302657
67dd934e3ac225e4711106c4,1,0.08193532589650747
67ddd3043ac225e4711106c7,4,0.1984423898607995
67dee91a3ac225e4711106cd,4,0.3212742848528885
67dee9833ac225e4711106cf,4,0.2673620437192371
67def0383ac225e4711106d2,4,0.19179680577761254
67e024a73ac225e4711106d4,3,0.10021587074935683
67e10caf3ac225e4711106dc,4,0.3631910242024193
67e10cf83ac225e4711106de,4,0.2902459606532175
67e10d313ac225e4711106e0,4,0.2584166559407478
67e112ec3ac225e4711106e3,4,0.30905784159469646
67e113cf3ac225e4711106e6,4,0.2634301965539888
67e115273ac225e4711106e9,4,0.2818136350202595
67e115693ac225e4711106eb,3,0.2154069047136618
67e1157c3ac225e4711106ed,4,0.2653605249759425
67e1162d3ac225e4711106f0,4,0.34822205746125395
67e1163e3ac225e4711106f2,1,0.08195946658082671
67e116823ac225e4711106f4,2,-0.12388158130078136
67e1169c3ac225e4711106f6,4,0.2634301965539888
67e1169f3ac225e4711106f8,4,0.32067049598269687
67e116a33ac225e4711106fa,4,0.29062156930982097
67e116f73ac225e4711106fd,4,0.34579868493081356
67e117463ac225e4711106ff,4,0.19939379747499247
67e117983ac225e471110701,4,0.2806071603315824
67e117d73ac225e471110703,4,0.3174199625542768
67e1186d3ac225e471110706,4,0.28113035483079724
67e1195d3ac225e471110708,4,0.3484437057834028
67e11a6b3ac225e47111070c,3,0.20216662795504117
67e11aa23ac225e47111070e,4,0.31731564574303917
67e11b443ac225e471110710,4,0.3526048211483559
67e11bd53ac225e471110712,4,0.33371358238646753
67e12c613ac225e471110715,3,0.23016970687793933
67e12c993ac225e471110718,4,0.2837166918507221
67e12d0e3ac225e47111071a,4,0.35227491271136097
67e12da03ac225e47111071d,4,0.28299611485157833
67e12de63ac225e471110720,4,0.34579195327748574
67e12e3b3ac225e471110723,3,0.06751494156064433
67e12ec53ac225e471110726,3,-0.1532245729402924
67e12fd13ac225e47111072b,3,0.0826279726259205
67e130123ac225e47111072e,3,0.1821685481155494
67e130803ac225e471110731,3,0.16669363016371588
67e1368a3ac225e471110734,4,0.1786601949116728
67e136993ac225e471110736,4,0.33033045229299457
67e13a4e3ac225e471110738,4,0.34065591264103856
67e13c113ac225e47111073b,4,0.2670196510555315
67e13d5e3ac225e47111073e,4,0.3149600184255002
67e1400c3ac225e471110741,4,0.0650864053453827
67e140933ac225e471110743,4,0.26349451545166347
67e140b13ac225e471110745,1,0.15996026216531023
67e140c93ac225e471110747,4,0.31301694417773
67e141183ac225e47111074b,4,0.3463040189197812
67e1416c3ac225e47111074d,3,0.14172553429249368
67e141d83ac225e471110750,4,0.3496469265300105
67e142903ac225e471110752,4,0.34858651060634116
67e1435c3ac225e471110754,4,0.33904667877268035
67e143af3ac225e471110756,1,0.09878933576572377
67e143fe3ac225e471110758,4,0.21272324960732492
67e145c73ac225e47111075a,4,0.3149600184255002
67e1465a3ac225e47111075d,4,0.23928673311884419
67e14bf13ac225e471110762,4,0.2044636770068008
67e14c283ac225e471110766,1,-0.047290517151258406
67e14c953ac225e47111076c,4,0.2651476239633549
67e14ce53ac225e47111076e,4,0.31973224856590454
67e1506e3ac225e471110771,3,0.14526545067380453
67e1636c3ac225e471110774,4,0.3318497590795926
67e178213ac225e471110777,1,0.08057143644237207
67e17add3ac225e47111077a,4,0.2953431523451511
67e17d043ac225e47111077d,1,-0.041509291023197524
67e17ee43ac225e471110780,4,0.20531251754271312
67e17f4a3ac225e471110783,1,-0.041471632955167016
67e1806f3ac225e471110789,1,0.07815057413206544
67e196e63ac225e47111078d,1,0.05538009878038395
67e1974c3ac225e471110790,1,0.05538009878038395
67e19e1c3ac225e471110793,4,0.3656383212939714
67e2600a3ac225e47111079a,4,0.2570212567776615
67e265283ac225e47111079d,4,0.21728598234584537
67e265ef3ac225e4711107a0,4,0.19385991272674605
67e266de3ac225e4711107a3,4,0.24898783065460378
67e266ea3ac225e4711107a5,4,0.23233603348639353
67e267193ac225e4711107a7,4,0.2084533435301064
67e267a93ac225e4711107a9,4,0.200708466975502
67e267df3ac225e4711107ac,1,0.1478398218987068
67e269fa3ac225e4711107af,1,0.08044143428079455
67e26ca13ac225e4711107b9,4,0.33132103041960476
67e26d183ac225e4711107bb,1,0.11254153278238968
67e26dca3ac225e4711107bf,3,-0.04977900006301587
67e26eb83ac225e4711107c4,4,0.28376042901916204
67e26f643ac225e4711107c6,1,0.13886819069859468
67e270023ac225e4711107c9,4,0.19477240318141975
67e2707e3ac225e4711107cb,1,0.06573304084724914
67e271723ac225e4711107ce,4,0.3074645813728621
67e271ac3ac225e4711107d0,1,0.07212082626333888
67e27aed3ac225e4711107d3,4,0.19800301346696383
67e27bde3ac225e4711107d5,4,0.3253407341015533
67e27c803ac225e4711107d7,4,0.25732442540500733
67e27d503ac225e4711107d9,4,0.24822617181196144
67e281f03ac225e4711107db,4,0.2443397936685987
67e282c53ac225e4711107dd,4,0.2839983078924916
67e283cf3ac225e4711107df,4,0.3019547903317342
67e2846d3ac225e4711107e1,1,-0.06108356417438343
67e28c7b3ac225e4711107e3,4,0.33770880932040465
67e28da53ac225e4711107e5,4,0.3117907558518295
67e28e813ac225e4711107e7,3,0.004805907715927305
67e28e963ac225e4711107e9,4,0.24816964906928143
67e28f283ac225e4711107eb,3,0.076776423089534
67e2d23a3ac225e4711107f8,4,0.2469779203146979
67e2d3033ac225e4711107fa,4,0.2415184040636969
67e2d3323ac225e4711107fc,4,0.2415184040636969
67e2d4eb3ac225e4711107fe,4,0.1918081264368388
67e2d5823ac225e471110800,4,0.11757959826833247
67e2d73e3ac225e471110802,4,0.13646234720887512
67e2d7c13ac225e471110804,4,0.3417926595929018
67e2dd3c3ac225e471110808,4,0.32781355386583894
67e2de153ac225e47111080b,4,0.20343121178897466
67e2df0e3ac225e47111080e,3,0.0876042056187239
67e2e0cb3ac225e471110811,4,0.1943000709188199
67e2e1fd3ac225e471110814,3,0.06288314141373601
67e2e2113ac225e471110816,4,0.23571431133666507
67e2e2603ac225e471110818,4,0.23571431133666507
67e2e27f3ac225e47111081a,4,0.1724528167850188
67e2e2ee3ac225e47111081c,4,0.1724528167850188
67e2e3283ac225e47111081e,1,-0.010927315692873285
67e2e3733ac225e471110820,4,0.19827009294885944
67e2e3873ac225e471110823,1,-0.010927315692873285
67e2e3903ac225e471110825,4,0.19485092327910064
67e2e3973ac225e471110827,4,0.1525110296918153
67e2e3983ac225e471110829,4,0.12355753502354808
67e2e3b53ac225e47111082b,4,0.24568479357807285
67e2e3f13ac225e47111082e,4,0.19485092327910064
67e2e4103ac225e471110830,4,0.19827009294885944
67e2e4263ac225e471110832,4,0.18746689684693996
67e2e4bf3ac225e471110835,4,0.2615273143563426
67e2e5053ac225e471110838,4,0.19485092327910064
67e2e5063ac225e47111083a,4,0.18746689684693996
67e2e5283ac225e47111083c,4,0.23571431133666507
67e2e55e3ac225e47111083f,4,0.3125743992366035
67e2e5683ac225e471110842,4,0.19827009294885944
67e2e58a3ac225e471110846,4,0.18746689684693996
67e2e58e3ac225e471110848,4,0.21139860033755867
67e2e5c73ac225e47111084c,4,0.2113552441459887
67e2e6023ac225e47111084e,4,0.2113552441459887
67e2e6103ac225e471110851,4,0.18746689684693996
67e2e6163ac225e471110853,4,0.24519780265266178
67e2e64b3ac225e471110855,4,0.19827009294885944
67e2e67b3ac225e471110858,4,0.18746689684693996
67e2e6893ac225e47111085a,4,0.14346341480747346
67e2e6aa3ac225e47111085c,4,0.21139860033755867
67e2e7ed3ac225e47111085f,4,0.21139860033755867
67e2e7f13ac225e471110861,4,0.24519780265266178
67e2f6c43ac225e471110867,4,0.32808733696103975
67e317ac3ac225e47111086d,2,0.24186603383718044
67e31b693ac225e47111086f,1,-0.07391152524740448
67e31bd43ac225e471110871,2,-0.08237810093713234
67e31c583ac225e471110875,4,0.2487460810224734
67e3ad5c3ac225e471110877,4,0.17797615261927463
67e3ae2c3ac225e471110879,4,0.18360116178975353
67e3b3ff3ac225e47111087c,3,0.09525348142462588
67e3de4f3ac225e47111087f,4,0.199173254286675
67e3df0e3ac225e471110882,4,0.30626116514515156
67e3df8a3ac225e471110886,4,0.17945712988675605
67e3ece83ac225e47111088b,1,0.09778671544610612
67e3f8d33ac225e47111088e,4,0.3277463342187468
67e3fa703ac225e471110892,1,-0.005110939472649822
67e4761c3ac225e4711108bf,4,0.23032438917025683
67e478a83ac225e4711108c2,4,0.21017938964337207
67e479673ac225e4711108c5,3,-0.05436269108169818
67e47a2c3ac225e4711108c8,4,0.1975102267291287
67e47adf3ac225e4711108cc,2,-0.013702894216790966
67e501733ac225e4711108dc,3,-0.12553232402557732
67e5020f3ac225e4711108df,4,0.23899167400894925
67e522e53ac225e4711108e5,4,0.2783660504091448
67e523f13ac225e4711108e7,4,0.2783660504091448
67e526bd3ac225e4711108e9,3,0.12454377827755447
67e527fc3ac225e4711108eb,3,0.12454377827755447
67e528393ac225e4711108ed,3,0.12454377827755447
67e5283b3ac225e4711108ef,3,0.12454377827755447
67e528493ac225e4711108f1,3,0.12454377827755447
67e52b7a3ac225e4711108f3,3,0.12454377827755447
67e5544e3ac225e4711108f8,4,0.2208988286508579
67e555753ac225e4711108fa,2,-0.13814236946810096
67e58fdb3ac225e471110900,3,0.24076847316124994
67e592973ac225e471110905,1,0.09691889009249252
67e592d83ac225e471110908,1,0.08696585439001238
67e593133ac225e47111090b,2,-0.08143215591746088
67e5936d3ac225e47111090e,4,0.21075459564027005
67e598673ac225e471110913,1,0.19987276299189075
67e5bff43ac225e471110916,4,0.23873127075310951
67e64e1b3ac225e47111091c,3,0.1436593204154057
67e669313ac225e47111091e,4,0.12062864761326547
67e66b2c3ac225e471110921,4,0.3263469732376349
67e66cbe3ac225e471110924,4,0.23616905244048228
67e66e733ac225e471110927,3,-0.02630212547472268
67e675133ac225e47111092a,4,0.24805236341994114
67e67a523ac225e47111092d,4,0.1582345099858695
67e67a933ac225e47111092f,4,0.26938162895224593
67e67ac23ac225e471110931,1,0.022953780586437704
67e67acf3ac225e471110933,4,0.3551029901930377
67e67df03ac225e471110938,4,0.29191649127067987
67e67ec03ac225e47111093e,1,-0.024842659234700797
67e67ec23ac225e471110940,4,0.2601922342034038
67e67f0a3ac225e471110942,4,0.22897685667149165
67e67f963ac225e471110946,4,0.29012814961430783
67e680203ac225e47111094d,4,0.28681648277127486
67e680903ac225e47111094f,4,0.27745864253872365
67e680cc3ac225e471110952,4,0.34895115749400946
67e680e23ac225e471110954,4,0.2459610027845603
67e681373ac225e471110958,4,0.20755545707244183
67e681683ac225e47111095a,4,0.2633237247844161
67e6841f3ac225e471110963,4,0.30449683308919145
67e684413ac225e471110966,4,0.2818136350202595
67e684cb3ac225e471110968,4,0.3400650780485774
67e685e33ac225e47111096b,4,0.340847131158433
67e687ba3ac225e471110972,4,0.2849156909127256
67e6bdb33ac225e471110977,4,0.12394007742417232
67e6bf743ac225e47111097a,4,0.137398408806268
67e6c5833ac225e47111097d,4,0.32366658571614154
67e6c6053ac225e47111097f,4,0.359694796814811
67e6c6663ac225e471110981,4,0.340847131158433
67e8586b3ac225e47111098a,4,0.16845293097095634
67e859c13ac225e47111098c,4,0.2596468534728163
67e97f3d3ac225e471110997,4,0.1654894851425893
67e981433ac225e47111099b,1,0.04528663102475658
67e990e03ac225e4711109a0,1,0.022953780586437704
67ea3a4d3ac225e4711109a4,1,0.06651974779307661
67ea3adf3ac225e4711109a6,3,-0.09006506740296737
67ea3af93ac225e4711109a8,1,-0.06681338821179084
67ea3b683ac225e4711109aa,4,0.35822091595302824
67ea3b693ac225e4711109ac,4,0.25246218567728923
67ea3b983ac225e4711109af,1,0.06651974779307661
67ea3bf73ac225e4711109b1,1,0.0968485231012256
67ea3bfb3ac225e4711109b3,4,0.3288256808903282
67ea3c2f3ac225e4711109b5,4,0.34953983033784725
67ea3c843ac225e4711109b8,4,0.2941912905065957
67ea3cd33ac225e4711109ba,4,0.33270388995432465
67ea581a3ac225e4711109c0,1,0.03121847638106041
67ea581c3ac225e4711109c2,1,-0.05742355457510439
67ea58383ac225e4711109c4,4,0.3469763665816559
67ea58a13ac225e4711109c7,4,0.27493508658031424
67ea59be3ac225e4711109cd,3,0.11048331005086616
67ea5e0e3ac225e4711109d3,4,0.2771048378403062
67ea641a3ac225e4711109d5,3,-0.040649731688935445
67ea65413ac225e4711109d8,3,-0.10353270894369587
67ea662b3ac225e4711109dc,4,0.19917012437402346
67ea67623ac225e4711109df,4,0.237059935766279
67ea68763ac225e4711109e2,4,0.28373324401235134
67ea69cc3ac225e4711109e5,4,0.27099619503326416
67ea6b723ac225e4711109e9,4,0.25985393977396287
67ea6d023ac225e4711109ec,4,0.19943408391754908
67ea6d5c3ac225e4711109ee,4,0.36278343640416055
67ea6dc73ac225e4711109f1,4,0.37194773806167913
67ea6e0f3ac225e4711109f3,4,0.34135390860982245
67ea6e813ac225e4711109f5,4,0.3638642372722804
67ea6ebf3ac225e4711109f7,4,0.2723378588415639
67ea6ef73ac225e4711109f9,4,0.2503593281162714
67ea6f443ac225e4711109fb,4,0.3454864035520975
67ea6f873ac225e4711109fd,4,0.3640055006722425
67eaa7133ac225e471110a01,1,-0.06163414713940809
67eaa7e33ac225e471110a04,4,0.1292996134693027
67eb8f163ac225e471110a0c,4,0.2570212567776615
67eb90ba3ac225e471110a12,4,0.20700048570259869
67eb961f3ac225e471110a15,4,0.24568479357807285
67eb97693ac225e471110a18,1,0.029775871540770774
67eb97a83ac225e471110a1a,1,0.029009887226679174
67eb99d43ac225e471110a1e,1,0.06717973749422274
67eb9a213ac225e471110a22,4,0.10174043820247597
67eb9a6a3ac225e471110a24,4,0.24519780265266178
67eb9b243ac225e471110a2a,1,-0.007705435956860004
67eb9bf53ac225e471110a2c,4,0.17629628018360138
67eb9dc53ac225e471110a30,4,0.23848517415943618
67eb9edf3ac225e471110a32,4,0.31553826281118863
67eb9fb03ac225e471110a34,1,-0.0019506864957359853
67eba8c23ac225e471110a37,4,0.29086703087325405
67eba9873ac225e471110a39,4,0.1956338298180761
67eba9ff3ac225e471110a3c,4,0.1752990437415881
67ebaa503ac225e471110a3f,1,0.04122796322944037
67ebaa6b3ac225e471110a41,2,0.16426525263838684
67ebaada3ac225e471110a44,4,0.3103889411114741
67ebab743ac225e471110a47,4,0.2820004359831319
67ebacca3ac225e471110a49,4,0.22134576041012444
67ebadb03ac225e471110a4b,1,-0.05433594891843608
67ebaeee3ac225e471110a4d,1,0.03207710067269241
67ebc01e3ac225e471110a4f,3,-0.040387123087424724
67ebc2cd3ac225e471110a52,4,0.28291402506221225
67ebc4cc3ac225e471110a55,4,0.26313857545569047
67ebc7823ac225e471110a58,4,0.31495219899995164
67ebc8713ac225e471110a5b,4,0.20738598874517453
67ebc8eb3ac225e471110a5e,4,0.20481870422118706
67ebc9863ac225e471110a61,2,-0.1312979873801906
67ebca553ac225e471110a64,4,0.3634693357750816
67ebd5773ac225e471110a6a,4,0.29774725172962974
67ebd5f13ac225e471110a6c,1,0.17712747879126692
67ebd6043ac225e471110a6f,1,0.17712747879126692
67ebd6dd3ac225e471110a72,1,0.12569068404194872
67ebd6f63ac225e471110a74,3,-0.023731500349901746
67ebd76e3ac225e471110a78,4,0.29774725172962974
67ebd7c73ac225e471110a7b,4,0.10229870879124034
67ebd7db3ac225e471110a7d,4,0.26957667292577203
67ebd8283ac225e471110a81,2,0.20413946320115697
67ebd8a33ac225e471110a84,1,-0.05063090744386611
67ebd9253ac225e471110a87,4,0.15670434801766597
67ebd93d3ac225e471110a89,1,0.05982752488102117
67ebd9b03ac225e471110a8d,2,-0.04476036586951041
67ebd9df3ac225e471110a91,1,0.11557381280405876
67ebdbb83ac225e471110a98,4,0.2850388298917272
67ebdf083ac225e471110a9e,4,0.26878556220104
67ebdfb23ac225e471110aa1,1,0.10872797676099263
67ebe0473ac225e471110aa4,4,0.2930336285716302
67ebe05a3ac225e471110aa6,1,0.03332198880741222
67ebe0c23ac225e471110aa9,1,0.030544189949494028
67ebe1eb3ac225e471110aab,1,0.13905610945711902
67ebe2703ac225e471110aaf,1,0.09263894343514785
67ebe2e03ac225e471110ab1,4,0.2397657203234771
67ebef493ac225e471110ab3,4,0.20508506856385492
67ebefb03ac225e471110ab5,4,0.3056293064119538
67ebf03d3ac225e471110ab7,4,0.32523104778598116
67ebf3133ac225e471110ab9,4,0.29332800440908
67ece18e3ac225e471110ac6,4,0.23508342434084542
67ece46e3ac225e471110aca,1,0.0750281432708
67ece4703ac225e471110acc,1,0.0750281432708
67ece4723ac225e471110ace,1,0.0750281432708
67ece4753ac225e471110ad0,1,0.0750281432708
67ece4783ac225e471110ad2,1,0.0750281432708
67ece47c3ac225e471110ad4,1,0.0750281432708
67ece4813ac225e471110ad6,1,0.0750281432708
67ece5ed3ac225e471110add,1,0.026541015347034427
67ece5fc3ac225e471110adf,1,0.08210416357516838
67ece6b53ac225e471110ae1,4,0.15619595712772752
67ece8073ac225e471110ae9,4,0.24568479357807285
67ece84c3ac225e471110aeb,4,0.24568479357807285
67ece8683ac225e471110aed,4,0.12355753502354808
67ece8b93ac225e471110aef,4,0.18746689684693996
67ece9013ac225e471110af1,4,0.18746689684693996
67ece91a3ac225e471110af3,4,0.21139860033755867
67ece9323ac225e471110af5,4,0.24568479357807285
67ece9713ac225e471110af7,4,0.24519780265266178
67ece9843ac225e471110af9,4,0.2113552441459887
67ece98d3ac225e471110afb,4,0.18746689684693996
67ece9cb3ac225e471110afd,4,0.19827009294885944
67ecea033ac225e471110aff,4,0.21139860033755867
67ecea043ac225e471110b01,4,0.19827009294885944
67ecea243ac225e471110b03,4,0.19485092327910064
67ecea463ac225e471110b05,4,0.19485092327910064
67ecea523ac225e471110b07,4,0.14346341480747346
67ecea683ac225e471110b09,1,-0.010927315692873285
67ecea8a3ac225e471110b0b,1,-0.010927315692873285
67eceaac3ac225e471110b0d,4,0.1724528167850188
67eceae93ac225e471110b0f,4,0.1724528167850188
67eceaf93ac225e471110b11,4,0.23571431133666507
67eceb8d3ac225e471110b13,1,0.0852999729108058
67ecec303ac225e471110b17,4,0.15977357910681378
67ecf4d43ac225e471110b19,1,0.07211647231259613
67ecf9fa3ac225e471110b1b,4,0.17726709681864652
67ecfa023ac225e471110b1d,1,0.20920449408589556
67ecfa2f3ac225e471110b20,1,0.18021333791342348
67ecfa3b3ac225e471110b22,4,0.18157777316528703
67ecfa713ac225e471110b25,4,0.21016562942568137
67ecfa7d3ac225e471110b27,1,0.14865407152295287
67ecfa9b3ac225e471110b29,1,0.113189061294145
67ecfb8c3ac225e471110b30,4,0.12293664847864236
67ecfc0b3ac225e471110b32,4,0.18157777316528703
67ecfc173ac225e471110b34,1,0.14865407152295287
67ecfc1b3ac225e471110b36,1,0.14865407152295287
67ecfd5b3ac225e471110b3b,4,0.24612958733263735
67ecff283ac225e471110b3f,4,0.17726709681864652
67ed01ae3ac225e471110b44,4,0.24612958733263735
67ed02543ac225e471110b46,1,0.1800881035876578
67ed07ff3ac225e471110b49,2,-0.16913442052823627
67ed08343ac225e471110b4b,1,-0.027558048782421244
67ed1bff3ac225e471110b4e,1,0.10206982654498781
67ed1c483ac225e471110b50,2,0.0674119479239126
67ed1d433ac225e471110b53,3,-0.016133043428988247
67ed265a3ac225e471110b56,1,0.18584603496615232
67ed5f3f3ac225e471110b5e,1,0.09674714078727803
67ed68f03ac225e471110b60,1,0.09495236453812254
67ed861a3ac225e471110b63,4,0.19978953045158504
67ed87083ac225e471110b66,4,0.23146557820547498
67ed87913ac225e471110b69,1,0.12016176220967426
67ed8b5d3ac225e471110b6c,1,-0.061211849326930516
67ed8d7c3ac225e471110b6f,4,0.22940170200832263
67ed8de63ac225e471110b72,4,0.14705123867372547
67ed8e6d3ac225e471110b75,4,0.13671801335044415
67ed8efa3ac225e471110b78,4,0.26582541569109713
67ed8fb13ac225e471110b7b,4,0.13671801335044415
67ed904f3ac225e471110b7e,2,0.25284332998450015
67ed95033ac225e471110b83,4,0.25722756454333967
67ed959a3ac225e471110b86,1,0.19513504079140667
67ed96543ac225e471110b89,3,0.05351560651797263
67ed96a23ac225e471110b8b,3,0.09012083629899004
67ed96e63ac225e471110b8d,3,-0.14967473134630005
67ee218b3ac225e471110b90,1,0.16538289777130843
67ee37893ac225e471110b93,1,0.16124791820404946
67ee535c3ac225e471110b95,3,0.027047925181186573
67ee540c3ac225e471110b98,4,0.24903044310458047
67ee54303ac225e471110b9b,1,-0.07403401022168253
67ee54683ac225e471110b9e,4,0.28054687612139434
67ee555f3ac225e471110ba1,4,0.24903044310458047
67ee55953ac225e471110ba3,4,0.31539798245757444
67ee56333ac225e471110ba8,1,-0.07403401022168253
67ee563c3ac225e471110baa,4,0.31119915225263267
67ee567a3ac225e471110bad,4,0.2818740419188749
67ee56b83ac225e471110baf,1,0.12742572131643679
67ee574d3ac225e471110bb2,4,0.3331739184652988
67ee57503ac225e471110bb4,4,0.2221070067666519
67ee57823ac225e471110bb6,4,0.2581405687331281
67ee5caa3ac225e471110bb8,4,0.32264689265145335
67ee5edc3ac225e471110bba,4,0.14265064535543004
67ee60193ac225e471110bbd,4,0.14896077846134856
67ee60bc3ac225e471110bc3,3,0.0019740894243899694
67ee614e3ac225e471110bcc,2,-0.07868489648452397
67ee61ec3ac225e471110bd4,1,0.10827197082635444
67ee658b3ac225e471110bd8,4,0.29492197631593337
67efa914fc34192f37316d0b,4,0.12355753502354808
67efa99ffc34192f37316d0f,1,0.0852999729108058
67efa9f9fc34192f37316d11,4,0.15977357910681378
67efaa83fc34192f37316d15,4,0.20430086776427878
67efab8dfc34192f37316d17,4,0.37023373710764496
67efabd0fc34192f37316d19,4,0.26555436025066664
67efacb0fc34192f37316d1c,4,0.372376625938459
67efacfcfc34192f37316d1e,4,0.22091911977980555
67efad98fc34192f37316d22,4,0.31375438505758807
67efae11fc34192f37316d25,4,0.2933966613203944
67efae1cfc34192f37316d27,1,0.18011292318661007
67efae7dfc34192f37316d2b,4,0.2077592223701285
67efae91fc34192f37316d2d,4,0.2388536443156475
67efaea8fc34192f37316d30,4,0.10159900556827477
67efaeadfc34192f37316d32,4,0.2628335728023982
67efaed4fc34192f37316d35,4,0.24151521847672666
67efaeedfc34192f37316d37,4,0.25070800609545324
67efaefafc34192f37316d39,4,0.20762935825179124
67efaf55fc34192f37316d3c,4,0.29008303706182537
67efafc1fc34192f37316d3f,4,0.19053809248869846
67efb14dfc34192f37316d42,4,0.3364132362415891
67efb150fc34192f37316d44,4,0.26028927995446277
67efb18efc34192f37316d48,4,0.27435475240593454
67efb1bcfc34192f37316d4a,4,0.2778125009255149
67efb2c0fc34192f37316d4c,4,0.31820338207487664
67efb2d4fc34192f37316d4e,4,0.34290019317159287
67efb2fcfc34192f37316d50,4,0.3356845370022774
67efb48cfc34192f37316d52,4,0.3348540046919333
67efd9e1fc34192f37316d55,1,0.023969534803279586
67eff012fc34192f37316d57,1,0.17489252226593638
67eff593fc34192f37316d5a,4,0.17909996183807117
67f014b3fc34192f37316d5d,1,0.03303978547822382
67f018b1fc34192f37316d60,1,0.13794530015966805
67f02d9ffc34192f37316d65,1,0.10032809516870211
67f0c665fc34192f37316d8d,1,0.04408456480256566
67f0c88bfc34192f37316d90,1,0.00963484171775395
67f0df27fc34192f37316d93,1,0.0777765040075762
67f0edc4fc34192f37316d96,1,0.09654842120982203
67f0f003fc34192f37316d98,1,0.08060939547474687
67f0f305fc34192f37316d9d,1,0.1003521284124914
67f11883fc34192f37316da0,4,0.2297312121433829
67f14ed8fc34192f37316da3,3,0.11825453813068046
67f17b3ffc34192f37316da6,1,0.1913076652358426
67f2693afc34192f37316dab,1,-0.036892330214428115
67f2bb5cfc34192f37316db2,1,0.12440548355850546
67f2c0f8fc34192f37316db5,3,-0.05182117543314007
67f2fa74fc34192f37316dba,4,0.2522927390438893
67f3674ffc34192f37316dbd,4,0.17350880622389606
67f38a53fc34192f37316dc0,3,-0.09443663242551384
67f38af9fc34192f37316dc3,3,0.2313560784611801
67f38b88fc34192f37316dc6,3,0.15496332997673523
67f38cc1fc34192f37316dca,3,-0.10788315423605785
67f38e4cfc34192f37316dcd,3,0.15496332997673523
67f39189fc34192f37316dd1,4,0.24122050477638776
67f392a8fc34192f37316dd8,4,0.137310083513663
67f39305fc34192f37316ddb,4,0.16222353994938196
67f39643fc34192f37316ddd,4,0.20349392456673346
67f3969dfc34192f37316de0,4,0.28393901509463454
67f39878fc34192f37316de9,2,0.35220187706715017
67f398f6fc34192f37316dec,4,0.2794677704644491
67f39943fc34192f37316dee,2,0.32831291244283617
67f39962fc34192f37316df0,1,0.13248151813305933
67f39976fc34192f37316df3,1,0.09056169969864829
67f399a2fc34192f37316df6,4,0.14436233299882253
67f39a3cfc34192f37316dfc,4,0.2530113609454473
67f39a70fc34192f37316dff,4,0.18410557083010198
67f39a9efc34192f37316e01,2,-0.17843249330384975
67f39ad4fc34192f37316e04,1,0.15063203431602426
67f39b2cfc34192f37316e09,3,0.0249481920121894
67f39b9afc34192f37316e0b,4,0.25990508479005003
67f39c64fc34192f37316e10,4,0.13493483104842371
67f39c6afc34192f37316e12,3,0.1773734496817651
67f39e90fc34192f37316e15,4,0.3067277340370389
67f3a91efc34192f37316e1b,1,0.16084510158296325
67f3a9a0fc34192f37316e1d,4,0.31863221808887365
67f3a9d5fc34192f37316e1f,4,0.32771292044775296
67f3aa08fc34192f37316e21,4,0.17246146669039092
67f3aaadfc34192f37316e25,4,0.37657519536254824
67f3b4dffc34192f37316e27,2,-0.11692441025642768
67f3b629fc34192f37316e2a,2,-0.11692441025642768
67f3b6edfc34192f37316e2e,4,0.12426363008420921
67f3cc67fc34192f37316e31,4,0.21283298956960245
67f3ce48fc34192f37316e34,4,0.2974006912171889
67f3e3c3fc34192f37316e38,4,0.2297312121433829
67f3f1a1fc34192f37316e3c,1,0.07617198518238842
67f3f1f3fc34192f37316e3f,1,0.021982681208279987
67f40cd3fc34192f37316e44,1,0.07771327562217853
67f4248afc34192f37316e47,1,0.024234145217033983
67f42e84fc34192f37316e4c,1,0.1729806752312319
67f4ba2dfc34192f37316e50,3,0.06919772619420035
67f4ba37fc34192f37316e52,3,0.06919772619420035
67f4bb2afc34192f37316e55,1,0.10032809516870211
67f4c123fc34192f37316e58,4,0.33371358238646753
67f4c16afc34192f37316e5b,4,0.2191666843998776
67f4c263fc34192f37316e60,4,0.13228338431250514
67f4c498fc34192f37316e68,4,0.35493359383466805
67f4c4c5fc34192f37316e6a,3,0.20529980384898866
67f4c4d3fc34192f37316e6d,3,0.11368486405919158
67f4c4effc34192f37316e70,3,0.20529980384898866
67f4c547fc34192f37316e73,3,-0.0687151899257402
67f4c5fffc34192f37316e7d,4,0.35493359383466805
67f4c6dffc34192f37316e82,3,0.20529980384898866
67f4c730fc34192f37316e84,3,-0.0687151899257402
67f4c7edfc34192f37316e88,4,0.35493359383466805
67f4c998fc34192f37316e95,4,0.16591683685565548
67f4c99ffc34192f37316e97,3,-0.09860913279921561
67f4c9e9fc34192f37316e9a,1,0.1350669317915328
67f4c9f2fc34192f37316e9c,4,0.15991402618514597
67f4ca10fc34192f37316e9e,2,0.28216892359290185
67f4ca85fc34192f37316ea0,3,0.16759176867393183
67f4cab4fc34192f37316ea5,4,0.2895912620930441
67f4cae0fc34192f37316ea7,4,0.26967950216717856
67f4cb8afc34192f37316ead,4,0.26999876828739106
67f4cba8fc34192f37316eb0,4,0.2191549907014183
67f4cc29fc34192f37316eb4,4,0.35524716816214963
67f4cc2dfc34192f37316eb6,4,0.09535215483723126
67f4cd2ffc34192f37316eb9,4,0.2581405687331281
67f4cd88fc34192f37316ebd,4,0.31539798245757444
67f4cdc1fc34192f37316ec0,4,0.28054687612139434
67f4cde9fc34192f37316ec2,1,-0.07468488215982763
67f4ceaafc34192f37316ec7,4,0.34833481411484885
67f4cebbfc34192f37316ec9,4,0.22032238844431062
67f4cee1fc34192f37316ecb,4,0.3131238871564732
67f4cf96fc34192f37316ed0,4,0.2818740419188749
67f4cf98fc34192f37316ed2,4,0.2394233976220869
67f4d05dfc34192f37316ed6,1,0.08041831709838153
67f4d096fc34192f37316ed9,4,0.28950314874353544
67f4d0dcfc34192f37316edc,1,0.122775535518801
67f4d104fc34192f37316ede,4,0.2221070067666519
67f4d16dfc34192f37316ee2,4,0.3000917700778252
67f4d185fc34192f37316ee4,4,0.3314213736101358
67f4d259fc34192f37316ee9,4,0.22901887469867072
67f4d282fc34192f37316eeb,4,0.3437083670338236
67f4d2ebfc34192f37316eed,4,0.29850015304967364
67f4d39afc34192f37316eef,4,0.2064886311115219
67f4d3e0fc34192f37316ef2,4,0.24986487862088094
67f4d4f6fc34192f37316ef7,3,-0.05069384528567176
67f4d76ffc34192f37316efc,3,0.14498301534372807
67f4da65fc34192f37316eff,3,-0.05069384528567176
67f4df1efc34192f37316f01,4,0.1331997954748302
67f4e07afc34192f37316f05,1,-0.0787205583568176
67f4e133fc34192f37316f08,1,0.045628804124207986
67f4e3f2fc34192f37316f0e,4,0.12034469420153117
67f4e49bfc34192f37316f10,3,-0.05709008852992807
67f4e9d2fc34192f37316f18,4,0.20845051796589092
67f4ebdcfc34192f37316f1d,4,0.2914592215279616
67f4ef32fc34192f37316f20,4,0.3259338619500722
67f4f05cfc34192f37316f24,4,0.3146067881208565
67f4f17dfc34192f37316f27,4,0.3540759337041681
67f4f3b5fc34192f37316f2f,4,0.3546852856593978
67f4f466fc34192f37316f32,2,0.1458368913371692
67f4f480fc34192f37316f34,3,0.1335939334896499
67f4f522fc34192f37316f39,4,0.3587359859100479
67f4f72efc34192f37316f3e,4,0.13614770513767466
67f4f7befc34192f37316f43,4,0.3587359859100479
67f4f8aafc34192f37316f48,2,0.17252791219639302
67f4f8dafc34192f37316f4a,4,0.3540759337041681
67f4f8e5fc34192f37316f4c,4,0.13614770513767466
67f4f957fc34192f37316f50,4,0.3587359859100479
67f4f99dfc34192f37316f53,3,0.1335939334896499
67f50405fc34192f37316f57,4,0.16497052132546405
67f504defc34192f37316f5a,1,0.14305262767121063
67f506acfc34192f37316f5e,4,0.10453819355938486
67f50ad5fc34192f37316f61,4,0.19846854610024192
67f50b87fc34192f37316f64,4,0.1633373399825779
67f50be6fc34192f37316f67,2,0.007772840451193439
67f50c37fc34192f37316f6c,4,0.09987422244604481
67f50c8cfc34192f37316f6f,2,0.013500025787368369
67f50ce5fc34192f37316f72,2,-0.04476036586951041
67f50ce7fc34192f37316f74,4,0.21592255906406418
67f50d33fc34192f37316f78,4,0.15670434801766597
67f50d90fc34192f37316f7b,4,0.3027052895771503
67f50dabfc34192f37316f7d,4,0.16409163051053344
67f50e10fc34192f37316f81,4,0.1978320401696238
67f50e41fc34192f37316f84,4,0.26786761309548807
67f50e46fc34192f37316f86,1,0.06743753428725804
67f50eb7fc34192f37316f89,4,0.13144280707537942
67f50ecefc34192f37316f8b,4,0.24384589344498733
67f50edbfc34192f37316f8d,4,0.3175098012988563
67f50f1ffc34192f37316f91,4,0.24825252514338203
67f50f2afc34192f37316f93,4,0.2640932640080545
67f50f79fc34192f37316f97,4,0.3294232958331325
67f50f94fc34192f37316f99,3,-0.07131167090803416
67f51050fc34192f37316f9c,4,0.28845698097962325
67f51063fc34192f37316f9e,4,0.23400133995998987
67f51121fc34192f37316fa2,3,-0.023731500349901746
67f51177fc34192f37316fa6,2,0.06460284922397419
67f511b0fc34192f37316fa9,4,0.2678683710871285
67f512fafc34192f37316fac,1,0.026360872235571178
67f513a1fc34192f37316fb0,1,-0.025260684744336504
67f5144dfc34192f37316fb3,4,0.18034819612948905
67f51509fc34192f37316fb6,4,0.22804980606500855
67f515b9fc34192f37316fb9,1,-0.06142554581428229
67f5163ffc34192f37316fbc,4,0.29266493705066776
67f516f0fc34192f37316fbf,4,0.3376517760593113
67f517a8fc34192f37316fc2,2,0.002766856756401892
67f51831fc34192f37316fc4,1,0.07104703493379812
67f51936fc34192f37316fc8,4,0.17179789954392244
67f51984fc34192f37316fca,4,0.13285838654718338
67f51b3afc34192f37316fcc,4,0.23842559495080323
67f51f1efc34192f37316fcf,1,0.1812236233719818
67f54121fc34192f37316fd5,4,0.28524060347295976
67f54483fc34192f37316fd7,3,-0.08880464281544358
67f545cefc34192f37316fdc,4,0.3304653082888311
67f5462bfc34192f37316fdf,3,0.05538954370064583
67f546b8fc34192f37316fe5,4,0.2552578934794781
67f546f5fc34192f37316fe8,4,0.24861316820927049
67f548f0fc34192f37316fee,3,0.08507477070511403
67f5492dfc34192f37316ff1,3,-0.07311676736774501
67f54ad5fc34192f37316ff4,1,0.15110272454129073
67f54c1bfc34192f37316ff6,4,0.23879918748594586
67f5525dfc34192f37316ff9,1,0.11610157546559836
67f55361fc34192f37316ffc,1,0.11610157546559836
67f553bafc34192f37316ffe,4,0.1003490765706935
67f5614cfc34192f37317000,4,0.12679052902634672
67f5657cfc34192f37317002,1,0.010430159543261618
67f569bcfc34192f37317004,1,0.15107739199816342
67f56a1cfc34192f37317007,1,0.1831531021481994
67f56a62fc34192f37317009,4,0.2710126216004629
67f578f0fc34192f3731700b,1,0.17648000602673644
67f59a41fc34192f3731700f,4,0.3480282006094959
67f59a8bfc34192f37317011,4,0.353141218048198
67f59ac5fc34192f37317013,4,0.35685759654708615
67f59b0afc34192f37317015,4,0.3263400802633102
67f5fb41fc34192f3731701a,4,0.30029504517998146
67f5fc2efc34192f3731701f,4,0.29174744523904667
67f5fe11fc34192f37317022,4,0.29985471536843256
67f600fefc34192f37317024,4,0.20914452118333296
67f6020ffc34192f37317026,4,0.3081813824578158
67f602b1fc34192f37317029,4,0.29435755675063585
67f60362fc34192f3731702b,4,0.23404649534442826
67f603c4fc34192f3731702d,4,0.27727891133877103
67f6047dfc34192f37317031,1,-0.03275622207259449
67f604cefc34192f37317033,4,0.22578740916238113
67f609ccfc34192f37317035,4,0.2634347635076266
67f60b77fc34192f37317039,4,0.21237579740490858
67f60c1dfc34192f3731703c,4,0.17551835176662656
67f612c7fc34192f37317040,4,0.17915219795948464
67f6149cfc34192f37317043,4,0.3587359859100479
67f615a2fc34192f3731704a,4,0.36514289140339945
67f61b7cfc34192f37317056,3,-0.02024128798860288
67f61c44fc34192f37317058,4,0.306657153552958
67f61cf0fc34192f3731705c,4,0.1342268845281218
67f61d23fc34192f3731705e,3,0.09476424784619189
67f61d34fc34192f37317062,4,0.2861649675003932
67f61d37fc34192f37317064,2,0.18293963259446255
67f61d41fc34192f37317066,4,0.1374958906684664
67f61d47fc34192f37317068,3,0.24221001686920912
67f61d4efc34192f3731706a,3,-0.0041858540826560766
67f61d78fc34192f3731706c,4,0.1795851809602167
67f61e0ffc34192f37317076,4,0.2621482879249156
67f61e13fc34192f37317078,3,-0.05704992046902914
67f61f3efc34192f3731707f,1,0.05224434286031971
67f61f75fc34192f37317082,3,0.12154269814726072
67f61fb3fc34192f37317085,4,0.2265714499570023
67f62009fc34192f37317088,3,0.05427749034809612
67f620f9fc34192f3731708b,1,0.07398071880167277
67f624edfc34192f37317091,4,0.19500669886506788
67f62cb9fc34192f37317093,3,0.11348339472379756
67f62e9ffc34192f37317098,4,0.11163204909118539
67f62f28fc34192f3731709a,4,0.15422834963733845
67f62f55fc34192f3731709c,3,0.010182194795134922
67f62f6cfc34192f3731709e,1,0.16421522574105557
67f62fecfc34192f373170a0,3,0.11348339472379756
67f6300ffc34192f373170a3,4,0.2964590712734263
67f63039fc34192f373170a5,4,0.2316582448039256
67f63042fc34192f373170a7,3,0.16891981125355002
67f63070fc34192f373170ab,3,0.024433010576551725
67f63098fc34192f373170ad,3,0.03583847001638019
67f630a0fc34192f373170af,4,0.3648190370231972
67f630d4fc34192f373170b1,4,0.270959290051013
67f630d6fc34192f373170b3,3,0.09012083629899004
67f63117fc34192f373170b5,4,0.23122299979008065
67f63155fc34192f373170b7,3,-0.017118703156371436
67f631c0fc34192f373170b9,4,0.2595762602052052
67f631c6fc34192f373170bb,3,-0.14967473134629994
67f63247fc34192f373170bd,3,0.11348339472379756
67f632b0fc34192f373170c1,3,-0.14967473134629994
67f632fefc34192f373170c3,3,0.05351560651797263
67f646defc34192f373170c8,2,0.19207465023362066
67f6488efc34192f373170cb,2,0.17560138538543965
67f649c8fc34192f373170ce,2,0.20673097067055332
67f64a89fc34192f373170d1,2,0.23611481507014598
67f64b67fc34192f373170d4,4,0.27974000833147006
67f64c99fc34192f373170d7,2,0.11352259355515712
67f65103fc34192f373170db,4,0.32066724801019686
67f6519bfc34192f373170de,4,0.15506715456892034
67f65294fc34192f373170e1,4,0.3039428783272968
67f65312fc34192f373170e4,2,-0.038981266978440315
67f65318fc34192f373170e6,4,0.28943537031586153
67f66b93fc34192f373170f2,4,0.21741371447586608
67f66e24fc34192f373170f4,1,0.041678700939316846
67f6777afc34192f373170f9,1,-0.0567735244827087
67f68af8fc34192f373170ff,3,0.06398190519552928
67f6a2f1fc34192f3731710b,4,0.22627121514979465
67f6b5d7fc34192f37317111,3,-0.12162094114992125
67f6b753fc34192f37317114,1,-0.021929844822814067
67f6b7eefc34192f37317116,4,0.06094274759070038
67f6c152fc34192f3731711a,4,0.23650572370890288
67f6dcc4fc34192f37317120,4,0.27739078493116004
67f6ddfefc34192f37317124,4,0.2595762602052052
67f6e46afc34192f3731712f,4,0.28936512537662057
67f6e542fc34192f37317132,1,0.12576858041109124
67f77adffc34192f37317144,1,-0.0696476584233451
67f78635fc34192f37317147,1,0.13425950471501322
67f786f1fc34192f3731714a,1,0.07942558110610849
67f78935fc34192f3731714d,4,0.26475068301038013
67f78a36fc34192f37317152,4,0.22901887469867072
67f78a6cfc34192f37317154,4,0.3043903243052549
67f78acbfc34192f37317156,1,0.11792140921021663
67f78ba5fc34192f37317159,1,0.06954182147379614
67f78be0fc34192f3731715b,4,0.3052141211188161
67f78c93fc34192f37317160,4,0.3000917700778252
67f78cb1fc34192f37317162,1,0.1324475994097131
67f78d3efc34192f37317169,4,0.3052141211188161
67f78d3ffc34192f3731716b,3,-0.08212962233585917
67f78d77fc34192f3731716d,4,0.25496737998569596
67f78d78fc34192f3731716f,4,0.24903044310458047
67f78d83fc34192f37317172,1,0.10490843807205286
67f78e12fc34192f37317174,1,0.08134461765849571
67f78e2efc34192f37317176,4,0.20376739776987582
67f78e85fc34192f37317179,4,0.22868562227121542
67f78eaffc34192f3731717b,4,0.29071123079231476
67f78eeffc34192f3731717e,3,-0.08212962233585917
67f78f29fc34192f37317180,4,0.3052141211188161
67f78f80fc34192f37317185,4,0.286434635942681
67f78fa7fc34192f37317188,4,0.32268301358379137
67f78fe3fc34192f3731718a,1,0.0039783652238615345
67f79045fc34192f3731718c,1,-0.07468488215982763
67f79085fc34192f3731718e,4,0.2105051990278154
67f79099fc34192f37317190,4,0.2105051990278154
67f7913cfc34192f37317193,4,0.2979877990003417
67f7914bfc34192f37317195,4,0.2979877990003417
67f791e1fc34192f3731719a,4,0.3131238871564732
67f791f0fc34192f3731719c,3,-0.08212962233585917
67f791f4fc34192f3731719e,4,0.28950314874353544
67f79247fc34192f373171a0,4,0.22729838170045935
67f792a8fc34192f373171a2,4,0.3043903243052549
67f793abfc34192f373171a5,4,0.2449495197419552
67f798affc34192f373171a8,4,0.3529318761077044
67f79911fc34192f373171aa,4,0.26202084269710363
67f7999ffc34192f373171ac,1,-0.08779524708588263
67f799b3fc34192f373171ae,4,0.32765795570337314
67f799b7fc34192f373171b0,1,-0.07846032401282929
67f799d7fc34192f373171b2,4,0.32765795570337314
67f79b6ffc34192f373171bc,4,0.22865496629099796
67f79b8efc34192f373171bf,1,-0.08779524708588263
67f79bc6fc34192f373171c1,4,0.22865496629099796
67f79bd8fc34192f373171c3,4,0.11064272607945809
67f79c56fc34192f373171c7,3,0.21725693133355295
67f79de9fc34192f373171c9,4,0.2533049216383738
67f79f14fc34192f373171cc,4,0.3075268271469941
67f79f79fc34192f373171cf,4,0.33872417855581555
67f79fd7fc34192f373171d3,3,0.17245003270277737
67f7a012fc34192f373171d9,4,0.29352115772184556
67f7a03dfc34192f373171db,3,0.17245003270277737
67f7a053fc34192f373171dd,4,0.2729551514325773
67f7a0a7fc34192f373171df,4,0.3186519700029177
67f7a0e3fc34192f373171e1,3,-0.11655127560111841
67f7a0f7fc34192f373171e3,3,-0.11655127560111841
67f7a136fc34192f373171e6,4,0.0912920237007039
67f7a25dfc34192f373171e8,2,-0.061416170173122016
67f7a29afc34192f373171ea,2,-0.061416170173122016
67f7a3c3fc34192f373171ef,2,0.20785249903134084
67f7a44cfc34192f373171f3,3,0.2621525393883112
67f7a579fc34192f373171f7,3,0.058798940592488656
67f7a661fc34192f373171fa,2,0.20046352569677423
67f7a758fc34192f373171fe,3,0.22487989100606237
67f7abfffc34192f37317204,4,0.3688102935258657
67f7bb84fc34192f3731720b,4,0.1817958087618565
67f7bd5afc34192f3731720e,4,0.2870161726576938
67f7bd61fc34192f37317210,1,0.15342619297788146
67f7be60fc34192f37317212,4,0.12355523120848752
67f7be7efc34192f37317214,4,0.3111028724228674
67f7be91fc34192f37317216,4,0.18680789522529692
67f7bf2dfc34192f37317218,4,0.18834021448913474
67f7bfb6fc34192f3731721a,4,0.1773463593330934
67f7bff0fc34192f3731721d,4,0.34410719640808013
67f7c0e1fc34192f37317220,1,0.08525933999998797
67f7c9fbfc34192f37317227,2,-0.10124856802471237
67f7cc69fc34192f3731722a,4,0.3071882730184786
67f7cd82fc34192f3731722c,4,0.29768438943378367
67f7ce25fc34192f3731722e,1,-0.03485838544648579
67f7ce3ffc34192f37317230,1,-0.03485838544648579
67f7ceaafc34192f37317232,1,-0.04065218460933693
67f7d6e5fc34192f37317236,4,0.2775297644899337
67f7d71afc34192f37317238,4,0.24897256456509792
67f7d79cfc34192f3731723b,4,0.22077929411878322
67f7d813fc34192f3731723e,4,0.27784687370175154
67f7d898fc34192f37317240,4,0.3283732366511301
67f7d8e0fc34192f37317243,4,0.21810477537646622
67f7dcf0fc34192f37317245,4,0.2891331635725907
67f7de4bfc34192f37317248,4,0.18834021448913474
67f7e371fc34192f3731724a,4,0.17351812902528999
67f7e3ecfc34192f3731724e,4,0.34410719640808013
67f7e42afc34192f37317250,4,0.17351812902528999
67f7ea0bfc34192f37317253,3,0.1809223710445342
67f7ee19fc34192f37317256,3,0.02867222042298843
67f7f263fc34192f37317259,2,-0.04305017049086639
67f7f525fc34192f37317262,3,-0.14010302295163404
67f7f75dfc34192f37317265,3,-0.08452076411002013
67f7f86efc34192f37317267,3,-0.10187002874302983
67f7fa86fc34192f3731726a,1,0.1176782673535919
67f7fc23fc34192f3731726c,3,-0.12460050386683488
67f7fe63fc34192f3731726e,1,0.1594142675299251
67f8033cfc34192f37317271,1,-0.07394624487083978
67f82de5fc34192f37317276,4,0.2578465977639023
67f82dfafc34192f37317278,4,0.2578465977639023
67f82e63fc34192f3731727a,3,0.17819699398566405
67f82eacfc34192f3731727c,4,0.16699998491436005
67f8afb3fc34192f37317287,4,0.1613349070419469
67f8b05ffc34192f37317289,1,-0.02959350690364502
67f8bc48fc34192f3731728b,2,0.02904836566626058
67f8bcc8fc34192f37317290,2,0.02904836566626058
67f8bed9fc34192f37317293,1,0.060304752359459764
67f8bf4efc34192f37317295,1,0.1449810985917185
67f8bf5dfc34192f37317297,3,0.124161410231966
67f8bf96fc34192f37317299,3,0.124161410231966
67f8c0b6fc34192f3731729f,1,-0.02764198870464248
67f8c126fc34192f373172a1,2,-0.06750829813851655
67f8c143fc34192f373172a3,3,0.124161410231966
67f8c173fc34192f373172a5,3,0.124161410231966
67f8c19dfc34192f373172a7,3,0.124161410231966
67f8c285fc34192f373172a9,2,0.20028167876617206
67f8c350fc34192f373172ab,3,0.05955553972857959
67f8c3eefc34192f373172ad,2,-0.002811132834941026
67f8c4ccfc34192f373172af,2,0.06915904045915035
67f8c52cfc34192f373172b1,2,0.06915904045915035
67f8c6f1fc34192f373172b3,4,0.23547905852967313
67f8c954fc34192f373172bb,2,0.2860815194754893
67f8c98dfc34192f373172bd,2,0.2860815194754893
67f8cc34fc34192f373172bf,3,0.0736693557205166
67f8cd10fc34192f373172c2,4,0.19779810533780318
67f8d3e4fc34192f373172c7,4,0.2061909186702676
67f8d3fefc34192f373172c9,2,-0.07216722447944718
67f8d75afc34192f373172d3,4,0.2697097267158635
67f8da06fc34192f373172d9,4,0.15571115190619345
67f8e346fc34192f373172dc,4,0.24399571017915342
67f8e384fc34192f373172df,4,0.3457476548627297
67f8e48bfc34192f373172e2,4,0.18909911177629019
67f8e48dfc34192f373172e4,4,0.28892287812312006
67f8e492fc34192f373172e6,4,0.17899777087320576
67f8e4b1fc34192f373172e9,1,0.0809186102738017
67f8ed00fc34192f373172eb,1,0.02545462341626581
67f8ee55fc34192f373172ee,4,0.34415968912899747
67f8f15dfc34192f373172f1,4,0.25771657930539693
67f8f61bfc34192f373172f4,3,-0.05072965165475725
67f8f7bffc34192f373172f7,4,0.3218840412373636
67f8f82bfc34192f373172fb,4,0.2769382860739255
67f8f851fc34192f373172fd,4,0.09541778417672518
67f8fb62fc34192f37317300,3,0.16929005641397557
67f8fd83fc34192f37317303,4,0.3548831177730994
67f8fed2fc34192f37317306,3,0.2147320409670235
67f8ffbcfc34192f37317309,3,0.006763522819761729
67f903cafc34192f3731730f,3,0.10244647934855532
67f9041afc34192f37317312,3,0.19728985064996518
67f918a4fc34192f37317315,3,0.09125112515765457
67f918bbfc34192f37317317,3,0.09125112515765457
67f942ddfc34192f3731731b,1,0.10657017445172504
67f943a8fc34192f3731731f,1,0.10784699941249011
67f94410fc34192f37317321,3,-0.12639867727819432
67f96051fc34192f37317324,3,0.2621525393883112
67f960f5fc34192f37317327,4,0.13579058406488112
67f964d5fc34192f3731732f,4,0.13579058406488112
67f96628fc34192f37317331,2,0.1323810769646864
67f96cebfc34192f37317335,1,0.11235423705028054
67f96de0fc34192f37317338,3,0.04081227950252588
67f98e18fc34192f37317341,3,0.20725228721236547
67f98ec7fc34192f37317343,4,0.2358297813993529
67fa1602fc34192f37317349,3,0.06342951080289483
67fa16e0fc34192f3731734b,3,0.06342951080289483
67fa2602fc34192f37317350,1,0.1493293102104967
67fa3ac4fc34192f37317352,3,0.03186522143134615
67fa3b90fc34192f37317355,4,0.20851081697324889
67faba9afc34192f3731735a,4,0.34484185660778655
67fac3b2fc34192f37317360,1,0.1536550637569931
67fac41afc34192f37317363,1,0.15387047399248643
67fac469fc34192f37317366,1,0.13031045734194738
67fac4b4fc34192f37317369,2,-0.09082791355269659
67fac5c4fc34192f3731736b,4,0.18372868386298682
67fac832fc34192f3731736e,1,-0.02959350690364502
67facb21fc34192f37317370,1,0.15065738209947252
67face3ffc34192f37317372,4,0.1613349070419469
67facf55fc34192f37317375,3,-0.12910046383815627
67fb5aa4fc34192f3731737a,1,0.15602526333263825
67fb5fc6fc34192f3731737d,1,0.15602526333263825
67fb6026fc34192f37317380,1,0.1854628919844244
67fb60acfc34192f37317383,1,0.11689256561483363
67fb611cfc34192f37317386,1,0.15338594439134648
67fb61c8fc34192f3731738a,2,-0.030433336573562515
67fb6adafc34192f3731738d,4,0.2752345153611926
67fb7dd0fc34192f37317390,2,0.04922458420409219
67fce0bdfc34192f373173a3,1,0.16077589741261009
67fce219fc34192f373173a7,1,0.08919119892826967
67fce27efc34192f373173ab,1,0.14435488458322163
67fce427fc34192f373173b1,4,0.15981892828246533
67fce557fc34192f373173b9,1,0.04208497998389883
67fd16e2fc34192f373173d5,4,0.10119754844952791
67fd623dfc34192f373173e5,4,0.13056286557880076
67fd6406fc34192f373173eb,4,0.14950382464757386
67fdfddafc34192f373173f0,4,0.13056286557880076
67fdfe34fc34192f373173f3,4,0.14950382464757386
67fdfee0fc34192f373173f5,4,0.13056286557880076
67fdff2efc34192f373173f7,1,-0.05340550822745725
67fdff5cfc34192f373173f9,1,0.16592773874371847
67fdff8ffc34192f373173fb,4,0.0837174636134862
67fdffd3fc34192f373173fd,4,0.18206182006305027
67fe04cdfc34192f37317400,1,0.11167050207321674
67fe05a6fc34192f37317403,4,0.31942600652713365
67fe05b0fc34192f37317405,4,0.22729838170045935
67fe05ecfc34192f37317407,4,0.22849847898433312
67fe0671fc34192f3731740a,4,0.2903138131925922
67fe069efc34192f3731740d,4,0.16426705565462466
67fe076afc34192f37317411,4,0.31023920350471323
67fe077bfc34192f37317415,4,0.286434635942681
67fe078bfc34192f37317417,4,0.09472586405766563
67fe07d8fc34192f3731741a,4,0.2394233976220869
67fe081efc34192f37317422,4,0.29778861791484984
67fe083ffc34192f37317424,4,0.29778861791484984
67fe0881fc34192f37317426,4,0.286434635942681
67fe08fffc34192f3731742a,4,0.31023920350471323
67fe0914fc34192f3731742c,4,0.2428736433807718
67fe096afc34192f37317433,4,0.3008259418099072
67fe09cbfc34192f37317436,4,0.31023920350471323
67fe09f1fc34192f37317438,4,0.31023920350471323
67fe0a80fc34192f3731743b,4,0.3008259418099072
67fe0abefc34192f3731743f,4,0.3254129954683112
67fe0abffc34192f37317441,4,0.22729838170045935
67fe0b0efc34192f37317444,4,0.3254129954683112
67fe0ba8fc34192f37317447,1,0.15807565033608031
67fe0bdefc34192f3731744e,1,0.14386450853610128
67fe0bfffc34192f37317450,1,0.14386450853610128
67fe0cdefc34192f37317454,1,0.1618747664661095
67fe0ce6fc34192f37317456,1,0.1019275061464522
67fe10ebfc34192f3731745d,4,0.22455500045870852
67fe119dfc34192f37317460,4,0.20795494370318204
67fe16b8fc34192f37317469,1,0.10809051404682346
67fe1e27fc34192f37317475,4,0.10766857087718414
67fe3e98fc34192f3731748c,1,0.07539336615101949
67fe835fffdee468dfce0262,1,0.08287351909687016
67fe92caffdee468dfce0266,4,0.1403152297281781
67feaccaffdee468dfce026b,1,0.17563443707493312
67feae8cffdee468dfce026d,1,0.17563443707493312
67febdebffdee468dfce026f,4,0.30384921778961244
67ff6608ffdee468dfce0274,1,0.09816137874695127
67ff80e6ffdee468dfce0277,2,-0.07573282743301268
67ff87ffffdee468dfce027a,4,0.07522745262493075
67ff8890ffdee468dfce027d,4,0.15933277725274117
67ff89b0ffdee468dfce0284,4,0.23825328801645135
67ff8a61ffdee468dfce0287,4,0.29502275391889266
67ff8a69ffdee468dfce0289,4,0.14705314550512347
67ff8b00ffdee468dfce028c,4,0.21038361170351413
67ff8bbeffdee468dfce028f,4,0.16321513710139818
67ff8c13ffdee468dfce0292,4,0.2423921802796194
67ff8c7cffdee468dfce0294,4,0.14705314550512347
67ff8c8cffdee468dfce0296,1,0.12691467231919512
67ff8d27ffdee468dfce029a,4,0.12731915665967533
67ff8eacffdee468dfce029e,4,0.2619626008916914
67ff8ebcffdee468dfce02a0,4,0.29851712067353564
67ff90f0ffdee468dfce02a2,4,0.2970241032120978
67ff92d4ffdee468dfce02a5,4,0.3147392577957313
67ff93b6ffdee468dfce02a7,4,0.2608924158521933
67ffa3c9ffdee468dfce02aa,4,0.22497287115543213
68022014ffdee468dfce02b2,4,0.28541545269167784
680221bbffdee468dfce02b7,3,0.15692945110092035
6802220fffdee468dfce02ba,3,0.15692945110092035
68023451ffdee468dfce02bd,2,0.06915327742541841
68039107ffdee468dfce02c2,4,0.2718786964188826
68039a15ffdee468dfce02c6,3,-0.12138483800859456
6803e451ffdee468dfce02c9,3,0.1666854391511389
6804b471ffdee468dfce02cd,1,0.15929815905362085
6804b5a0ffdee468dfce02d0,1,0.19263199348525856
6804e628ffdee468dfce02d4,4,0.20773746737643362
680544c3ffdee468dfce02dd,1,0.19428413232059322
6805f2aeffdee468dfce02e1,4,0.24248908264648522
6805f30affdee468dfce02e4,1,-0.005890233730375521
6805f36effdee468dfce02e7,4,0.17472344321127406
68060649ffdee468dfce02ea,4,0.35329668761398747
68063111ffdee468dfce02ed,4,0.23759356488053723
68068815ffdee468dfce02f1,4,0.23759356488053723
68069639ffdee468dfce02f5,4,0.10192741671542276
6806a1c4ffdee468dfce02f8,1,0.1575821578262864
68076434ffdee468dfce0302,1,-0.011958864325475944
68078abeffdee468dfce0307,4,0.2196754784973897
6807b7bcffdee468dfce0315,4,0.13075295807062465
6807b7c0ffdee468dfce0317,4,0.15431587411379952
6807bac5ffdee468dfce0319,4,0.24355113356778854
6807bb59ffdee468dfce031b,4,0.20976754089325733
6807bb78ffdee468dfce031d,4,0.12355753502354808
6807bbebffdee468dfce031f,4,0.14346341480747346
68089f4fffdee468dfce0326,4,0.23533136901417034
6808a00fffdee468dfce0329,1,0.02965375882892337
6808a1baffdee468dfce032d,4,0.21755769301563896
6808a27affdee468dfce032f,4,0.22164513562682364
6808a479ffdee468dfce0331,2,0.0797598797572188
6808a6fdffdee468dfce0334,4,0.2356746570793508
6808a74effdee468dfce0336,4,0.2044945675328025
6808a7b1ffdee468dfce0338,4,0.08814548053563911
6808a86fffdee468dfce033a,4,0.1937555416033471
6808a973ffdee468dfce033d,4,0.3026559874234398
6808a9deffdee468dfce033f,4,0.23512673193459727
6808ad18ffdee468dfce0342,4,0.35166582992078804
6808b019ffdee468dfce0345,3,-0.06422423620021364
6808b217ffdee468dfce0348,3,0.23617320617504153
6808c045ffdee468dfce034a,1,0.08571030480584467
6808c0beffdee468dfce034d,1,0.06392243587318659
6808c133ffdee468dfce0350,1,0.10341905114176142
6808c18dffdee468dfce0353,1,0.05396626835132681
6808c24cffdee468dfce0356,1,0.05083720819398376
68091e12ffdee468dfce035b,1,0.03748069855147696
680926b3ffdee468dfce035d,3,0.013840151498044899
68092707ffdee468dfce0360,4,0.2908634606915718
680927d9ffdee468dfce0362,4,0.2244004097047853
68093efaffdee468dfce0364,4,0.17478727292614116
68094e02ffdee468dfce0366,1,0.14930040862797556
680a2515ffdee468dfce036b,4,0.3036961743592522
680a96f0ffdee468dfce036d,4,0.1311440434404101
680b3bc0ffdee468dfce0370,3,-0.028096797291647282
680b3db9ffdee468dfce0373,1,0.11228589561141246
680b3edaffdee468dfce0376,4,0.24601521959981987
680b405fffdee468dfce0379,4,0.21425960597152538
680b46b8ffdee468dfce037c,1,0.19401744610501115
680b4a17ffdee468dfce0383,4,0.21852611994877996
680b4b65ffdee468dfce038a,4,0.2423251701811121
680b4f3fffdee468dfce038d,4,0.3543862597724565
680b50d7ffdee468dfce038f,4,0.10818792415439582
680b50ffffdee468dfce0391,3,0.26711976845736807
680b5195ffdee468dfce0394,4,0.3025884679939616
680b5226ffdee468dfce0398,2,-0.10262707792519926
680b52f6ffdee468dfce039c,2,-0.04296966294977314
680b536affdee468dfce039f,4,0.321389466162924
680b566bffdee468dfce03a4,1,-0.06631461364707283
680b56d8ffdee468dfce03a6,3,0.028711041000698392
680b56f3ffdee468dfce03a8,4,0.2987403048656086
680b57faffdee468dfce03ab,3,0.05247071255017682
680b5833ffdee468dfce03ad,4,0.30117293993024924
680b58fcffdee468dfce03b2,3,0.028711041000698392
680b59b1ffdee468dfce03b4,3,0.19079963036067327
680b5adcffdee468dfce03b6,4,0.3367039187568966
680b5c88ffdee468dfce03b9,4,0.23883124227678673
680b5ce4ffdee468dfce03bb,3,0.19079963036067327
680b601bffdee468dfce03bf,1,0.036709418678591677
680b718dffdee468dfce03c2,1,0.024237958838717964
680b719bffdee468dfce03c4,2,0.3203521760049919
680b8c16ffdee468dfce03ca,4,0.30819552766048397
680b9df7ffdee468dfce03cd,2,-0.11469843608162797
680bf174ffdee468dfce03d1,4,0.22819409967891072
680c15b4ffdee468dfce03d3,1,0.04471126984528945
680ca141ffdee468dfce03d7,4,0.3595664497173106
680ca322ffdee468dfce03d9,4,0.3595664497173106
680ca57cffdee468dfce03dc,1,-0.07177322249831401
680ca5bcffdee468dfce03de,4,0.300058582677365
680cbfbdffdee468dfce03e1,2,0.2305213601973109
680cc00affdee468dfce03e3,4,0.33369652191866644
680cc302ffdee468dfce03e6,4,0.2789023715609271
680d6fe5ffdee468dfce03e8,1,0.12322844742594989
680e5865ffdee468dfce03ec,1,0.11008835044492256
680e599fffdee468dfce03ee,1,0.0885043970745283
680ea4edffdee468dfce03f0,2,0.025294693867378586
680f2a87ffdee468dfce03f5,4,0.22918743043740078
680f448bffdee468dfce0402,4,0.2516782917361633
680f5702ffdee468dfce0405,2,0.06775489613893516
680f5796ffdee468dfce0408,2,0.06775489613893516
680f595bffdee468dfce040a,1,0.06477046644976434
680f5962ffdee468dfce040c,4,0.09911684653084281
680f5a28ffdee468dfce040f,1,0.08385111643227491
680f5a41ffdee468dfce0412,4,0.10566372303069194
6810d80fffdee468dfce0421,1,0.05978445318380618
6810dabcffdee468dfce0424,4,0.28606126128438203
68112852ffdee468dfce0426,4,0.16065517224883136
6811e7d3ffdee468dfce0443,3,0.09450165448498168
6811e9e5ffdee468dfce0446,4,0.2552351801003078
6811ea1affdee468dfce0449,1,0.1319099111099087
6811ea5effdee468dfce044b,3,-0.062219011276233555
6811eab8ffdee468dfce044e,2,0.00555458813248684
68125c47ffdee468dfce0497,4,0.0956136826055497
68125d00ffdee468dfce049a,4,0.09808498370694144
68125ff6ffdee468dfce04a1,4,0.26065011438663477
6812606dffdee468dfce04a4,4,0.26823682460959114
681260f5ffdee468dfce04a6,4,0.2542681463880124
68126197ffdee468dfce04a8,4,0.24435452129697818
6812622fffdee468dfce04aa,4,0.2895253577562981
681262cdffdee468dfce04ad,4,0.2844713348290748
6812634affdee468dfce04b0,4,0.34288104354687704
68126474ffdee468dfce04b6,4,0.23597755075677906
68126561ffdee468dfce04b9,4,0.34715201420373754
6812664bffdee468dfce04bc,4,0.3047346971764444
68126713ffdee468dfce04bf,4,0.33266074095890935
6813783dffdee468dfce04c5,4,0.177459786123828
68137bfdffdee468dfce04c7,4,0.177459786123828
68137e7dffdee468dfce04cc,4,0.26388604004586835
68137ee1ffdee468dfce04cf,4,0.27440129691013904
681382ecffdee468dfce04d2,4,0.23238750328651206
68138c52ffdee468dfce04d5,4,0.26961638346891537
6813911effdee468dfce04d7,4,0.34734574297790827
681392b8ffdee468dfce04d9,4,0.2154619241346772
68150f5affdee468dfce04ea,4,0.2608574447649603
68151265ffdee468dfce04ec,4,0.3111070585729581
6815135effdee468dfce04ee,4,0.10734050040250477
68151370ffdee468dfce04f0,4,0.10734050040250477
681515caffdee468dfce04f2,4,0.16909147844922726
681515d2ffdee468dfce04f4,4,0.16909147844922726
68163b22ffdee468dfce04f8,4,0.364161808364032
68163c43ffdee468dfce04fb,4,0.3383310555144971
68163f65ffdee468dfce04fe,4,0.302537639498936
68172f69ffdee468dfce0502,1,0.15098061500415424
6817302dffdee468dfce0507,1,0.06501375716005948
681792ebffdee468dfce050c,4,0.13977490597832531
6817938cffdee468dfce050e,4,0.23129801085825047
681793ecffdee468dfce0510,4,0.23129801085825047
68179470ffdee468dfce0512,4,0.17703575604835164
681794c3ffdee468dfce0514,3,0.06566918744921905
6817c948ffdee468dfce0517,3,0.2494974323857655
6817d4feffdee468dfce051b,4,0.09156515519208007
6817d5bfffdee468dfce051d,4,0.16808158970089557
6817d688ffdee468dfce051f,4,0.22277209240283857
6817d6f5ffdee468dfce0521,2,0.14476790735193534
6817e51effdee468dfce0523,4,0.14983587592521305
68187b4dffdee468dfce052f,1,0.10231573997891
68187d1bffdee468dfce0534,1,0.18237949963050729
68187d1bffdee468dfce0537,1,0.18237949963050729
68187d1cffdee468dfce0538,1,0.18237949963050729
6818911cffdee468dfce053e,4,0.06945720941665773
6818914effdee468dfce0540,2,0.23052287951988248
6818915cffdee468dfce0543,4,0.06945720941665773
681892a6ffdee468dfce0545,2,0.23052287951988248
6818c3a1ffdee468dfce054f,4,0.261840739429169
6818c3aaffdee468dfce0551,4,0.2590241926488491
6818c3bfffdee468dfce0553,3,-0.06849607717574012
6818c3e7ffdee468dfce0555,1,0.20844959097033328
6818e806ffdee468dfce055e,1,0.1421005798042405
6818e871ffdee468dfce0561,1,0.18796729958306727
6818fab3ffdee468dfce0569,3,-0.11842783012495989
68191626ffdee468dfce0578,4,0.2386811435731109
68191657ffdee468dfce057a,4,0.2544364571373165
68191659ffdee468dfce057c,4,0.2544364571373165
6819165affdee468dfce057e,4,0.2544364571373165
6819169effdee468dfce0580,3,0.17818926251272701
681916f9ffdee468dfce0582,4,0.13295601962965567
68191783ffdee468dfce0584,3,0.10507467323921832
68191d88ffdee468dfce0588,3,-0.08044845630378605
68191f42ffdee468dfce058c,3,0.004944764115323564
681a2b0cffdee468dfce0596,4,0.20430086776427878
681a2b85ffdee468dfce0598,4,0.20430086776427878
681a2ba4ffdee468dfce059c,4,0.18746689684693996
681a2bfbffdee468dfce059e,4,0.15977357910681378
681a2c18ffdee468dfce05a0,4,0.24568479357807285
681a2c33ffdee468dfce05a2,1,0.0852999729108058
681a2c93ffdee468dfce05a4,4,0.18746689684693996
681a2d01ffdee468dfce05a6,4,0.2113552441459887
681a2d71ffdee468dfce05a8,4,0.19485092327910064
681a2eceffdee468dfce05ac,1,0.08210416357516838
681a2efeffdee468dfce05ae,1,0.07812873671268813
681a2f73ffdee468dfce05b0,1,0.057723971393588
681a2fe1ffdee468dfce05b2,4,0.15619595712772752
681a3012ffdee468dfce05b4,1,0.06895030470527688
681a3020ffdee468dfce05b6,4,0.20430086776427878
681a3098ffdee468dfce05ba,1,0.09171193321065847
681a30feffdee468dfce05be,4,0.15977357910681378
681a3145ffdee468dfce05c2,1,0.0852999729108058
681a31afffdee468dfce05c6,4,0.15619595712772752
681a33f2ffdee468dfce05ce,4,0.1984423898607995
681b06a0ffdee468dfce05d2,4,0.3341707326289026
681b0778ffdee468dfce05d5,4,0.31519682013392997
681b266effdee468dfce05dd,4,0.25975633379964114
681b26dfffdee468dfce05e0,2,-0.1863382726174109
681b2c5effdee468dfce05ed,4,0.18594172409225504
681b2c70ffdee468dfce05ef,4,0.18594172409225504
681b2c97ffdee468dfce05f1,4,0.19444457401410803
681c6db5ffdee468dfce061a,4,0.17480602015834298
681c6e15ffdee468dfce061d,3,0.04253044070509214
681caf4dffdee468dfce0623,4,0.2957626176899074
681dacdfffdee468dfce0638,3,0.024125957871064745
681dba65ffdee468dfce063b,1,0.1915433703620136
681dbc00ffdee468dfce0646,1,0.2001392782009716
681dceddffdee468dfce0648,2,0.33129029514344926
681dcf69ffdee468dfce064a,4,0.2987403048656086
681dd063ffdee468dfce064c,4,0.3276211103457931
681fbf42ffdee468dfce065e,4,0.25894733432320916
6820ce92ffdee468dfce0666,4,0.20568496131375885
6821946affdee468dfce0669,1,0.11182402240678212
68219ea4ffdee468dfce066c,1,0.13526423940250293
6821ba31ffdee468dfce066f,1,-0.0261000622976777
6821bb30ffdee468dfce0671,1,-0.0261000622976777
6821bcd6ffdee468dfce0677,1,-0.0261000622976777
6821bd85ffdee468dfce0679,1,0.05749300310932746
6821c227ffdee468dfce068c,1,0.19512317074520036
6821c24fffdee468dfce068e,1,0.10171667381646901
6821c929ffdee468dfce0691,1,0.19548121955721254
6821ccf9ffdee468dfce0693,1,0.05231714823444686
68230034ffdee468dfce0697,4,0.18003132272792155
682300c3ffdee468dfce069c,4,0.2727323520165373
6823012bffdee468dfce069f,4,0.17209312401502447
68230169ffdee468dfce06a2,4,0.24052262282308767
682301afffdee468dfce06a5,1,-0.03999725966395647
682301f8ffdee468dfce06a8,4,0.21557835983095563
68231e53ffdee468dfce06ab,4,0.16284344362110464
68231eb2ffdee468dfce06ae,1,0.10484756902329752
68231f13ffdee468dfce06b1,1,0.025920137060675506
68231fb7ffdee468dfce06b5,4,0.2169506792693
6823206cffdee468dfce06b8,4,0.2169506792693
68236899ffdee468dfce06bc,1,0.029009887226679174
682368d0ffdee468dfce06be,1,0.08210416357516838
68236984ffdee468dfce06c2,4,0.15619595712772752
68245d9fffdee468dfce06d7,4,0.18173421706274537
68245ea5ffdee468dfce06da,3,-0.07732584882539671
6825867dffdee468dfce06e2,1,0.13162364551969005
68258794ffdee468dfce06e5,1,0.07120658946057482
68258800ffdee468dfce06e8,1,0.09057123091761264
68258883ffdee468dfce06eb,1,0.125547196073684
682588f2ffdee468dfce06ee,1,0.021510600417405167
682589aeffdee468dfce06f4,1,0.0896646662287513
68258a03ffdee468dfce06f7,1,0.00782274957205509
68258a51ffdee468dfce06fb,1,0.15936995308934002
68258b65ffdee468dfce06fd,1,0.021510600417405167
68258c09ffdee468dfce06ff,1,0.05109133513351855
68258c52ffdee468dfce0701,2,-0.10019785253499074
68258c84ffdee468dfce0703,4,0.12487940995257368
68258cfdffdee468dfce0707,2,0.033850585273289206
68258d2bffdee468dfce0709,2,0.11416789636584428
68258e80ffdee468dfce070b,2,0.04454059141116003
68259174ffdee468dfce070f,1,0.0896646662287513
6825a37effdee468dfce0711,4,0.2036479984744795
6825a3e7ffdee468dfce0713,4,0.2036479984744795
6825a57cffdee468dfce0715,1,0.09918788227266714
6825a6bfffdee468dfce0717,1,0.09432559150499463
6825a7a4ffdee468dfce0719,4,0.25050033150596007
6825c574ffdee468dfce071b,4,0.17608654793149225
6825fd0cffdee468dfce071f,4,0.3033071978019348
6826f524ffdee468dfce0731,2,0.30213830726014
6826f58dffdee468dfce0733,2,0.30213830726014
6826f60affdee468dfce0735,2,0.30213830726014
6826f6c0ffdee468dfce0737,4,0.14025524541168125
68270648ffdee468dfce073a,1,0.11932506091177981
682706bcffdee468dfce073c,4,0.22972510559211387
682706c1ffdee468dfce073e,4,0.2235189289243432
682706e4ffdee468dfce0740,4,0.33901150209456626
68270716ffdee468dfce0742,4,0.20696778206323366
6827074cffdee468dfce0744,4,0.2149889830684897
68270762ffdee468dfce0746,4,0.23564609007534726
6827076dffdee468dfce0748,4,0.20189312075794133
68270772ffdee468dfce074a,4,0.1707816456276844
682707ceffdee468dfce074c,1,0.10810929237224036
68270985ffdee468dfce074e,1,0.18425073391348964
68270a77ffdee468dfce0750,1,0.18425073391348964
68270ae8ffdee468dfce0753,1,0.028114528878315573
68270afdffdee468dfce0755,4,0.21907613535548123
68270b59ffdee468dfce0757,4,0.24878100477322562
68270bb9ffdee468dfce0759,1,0.12329388854094087
68270d4effdee468dfce075c,4,0.12925835037705544
68271050ffdee468dfce0760,1,0.11214233282938882
682710f4ffdee468dfce0762,1,0.17395172641412765
68271151ffdee468dfce0765,4,0.20428550953499933
68271230ffdee468dfce0767,4,0.25840673904210015
682712d1ffdee468dfce0769,4,0.1152676221819877
6827136bffdee468dfce076b,1,0.08643509852157301
68271430ffdee468dfce076d,4,0.25881002692744143
682714b6ffdee468dfce076f,4,0.333638275230731
68271583ffdee468dfce0771,1,0.07241244937126068
682737d0ffdee468dfce077b,2,0.07155710259317172
682739afffdee468dfce077e,2,0.07365061736905189
682a17abffdee468dfce079d,1,0.18021333791342348
682a2f6dffdee468dfce07a0,1,0.04123468033416176
682a2f82ffdee468dfce07a2,1,0.04123468033416176
682af415ffdee468dfce07b1,3,0.11503027083362082
682af538ffdee468dfce07b5,1,0.07788746086000341
682af567ffdee468dfce07b7,1,0.1195142727183538
682af6eeffdee468dfce07bc,1,0.12845654014636812
682af7c7ffdee468dfce07be,2,0.07909256212970982
682c24b6ffdee468dfce07c7,1,0.14911914073467958
682c261cffdee468dfce07ca,1,0.1596472016349013
682c261cffdee468dfce07cb,1,0.1596472016349013
682c2631ffdee468dfce07cd,4,0.23420694051863175
682c26efffdee468dfce07d0,1,0.1210175885993536
682c26efffdee468dfce07d2,1,0.1210175885993536
682c69d9ffdee468dfce07d6,1,0.07527021143856027
682c69ecffdee468dfce07d8,4,0.31351552043271586
682c6a2effdee468dfce07dd,4,0.3431652029357707
682c6a5effdee468dfce07df,4,0.24361289408550277
682c6a86ffdee468dfce07e1,4,0.2721044448279793
682c6a98ffdee468dfce07e3,1,0.10985226777490872
682c6ad2ffdee468dfce07e6,1,0.04391082704551377
682c6af0ffdee468dfce07e8,1,-0.0069304997848288604
682c6b18ffdee468dfce07ea,4,0.1754040332978879
682c6b25ffdee468dfce07ec,4,0.3169189860740207
682c6b29ffdee468dfce07f0,4,0.1296549144763273
682c6bc0ffdee468dfce07f5,1,-0.005189784235529799
682c6bc3ffdee468dfce07f7,4,0.19711118239019737
682c6be0ffdee468dfce07f9,4,0.239097435997602
682c6beeffdee468dfce07fb,4,0.13885342403449435
682c6befffdee468dfce07fd,4,0.2104239140631191
682c6c1fffdee468dfce0801,1,-0.07739296625501323
682c6c40ffdee468dfce0803,4,0.2768164363677334
682c6c5fffdee468dfce0807,4,0.27632098796775273
682c6c7bffdee468dfce0809,4,0.19609644197848056
682c6c9affdee468dfce080e,3,-0.09761745863014235
682c6ce9ffdee468dfce0813,4,0.19733055196243426
682c6ceeffdee468dfce0815,4,0.20372066357369112
682c6d10ffdee468dfce0817,4,0.2917377877951154
682c6d16ffdee468dfce0819,4,0.29431113669542375
682c6d98ffdee468dfce081d,4,0.30675401793580775
682c7454ffdee468dfce0820,4,0.22054670241132893
682c754fffdee468dfce0822,2,0.2717754864893391
682ca13effdee468dfce0824,4,0.1328613400600448
682cacb1ffdee468dfce0827,3,0.05854374077887584
682cbb15ffdee468dfce082c,1,0.10594469746177075
682cbcbcffdee468dfce0831,4,0.19306095816695337
682cbdf4ffdee468dfce0835,1,0.13676828726622575
682d952fffdee468dfce084b,4,0.2353573459384101
682d981cffdee468dfce084d,4,0.27963182906546985
682d98e7ffdee468dfce0851,1,-0.023057355723195967
682eca58ffdee468dfce086f,2,0.14916850427540992
682eca6bffdee468dfce0871,2,0.14916850427540992
682eca7cffdee468dfce0873,2,0.14916850427540992
682ecb69ffdee468dfce0876,2,0.18301098022223106
682ecbefffdee468dfce0878,2,0.18301098022223106
682f5e49ffdee468dfce089a,1,0.1875158319852427
682f5f7dffdee468dfce089d,1,0.17562152373348844
682f6064ffdee468dfce08a0,1,0.1869585724986893
682f6109ffdee468dfce08a3,1,0.14160945497039476
682f627fffdee468dfce08a9,1,0.17446696880067142
682f650bffdee468dfce08ab,1,0.11538892936441648
68301a4bffdee468dfce08ae,4,0.24904220188703327
68301afcffdee468dfce08b1,1,-0.0696752148465294
68301bb0ffdee468dfce08b4,4,0.3206293850095362
68301fa0ffdee468dfce08b7,2,-0.1469779454340636
6830488cffdee468dfce08e0,4,0.19378024388449674
68304aafffdee468dfce08e2,4,0.2672081092488601
68304d36ffdee468dfce08e4,4,0.32613919740390734
68304f10ffdee468dfce08e6,1,0.14891708229642395
68304f9affdee468dfce08e8,1,0.14891708229642395
683050cbffdee468dfce08ea,1,0.14891708229642395
68305560ffdee468dfce08ec,4,0.29265064310755656
6830556cffdee468dfce08ee,4,0.22203320699450016
6830556effdee468dfce08f0,3,-0.021521587046205364
68305571ffdee468dfce08f2,1,0.1493100732871213
68305572ffdee468dfce08f4,4,0.10924478834735891
68305574ffdee468dfce08f6,4,0.30240072214758146
683061f5ffdee468dfce0905,1,0.03946696621639892
683063b0ffdee468dfce0907,2,0.06063185925540471
6830641effdee468dfce0909,2,0.1694232705380202
68306562ffdee468dfce090b,2,0.1694232705380202
6830657effdee468dfce090d,2,0.1694232705380202
6830d965ffdee468dfce091c,1,-0.008597759377723422
6830dbf5ffdee468dfce091f,1,0.04164194522552604
6830e12cffdee468dfce0929,4,0.19711118239019737
6830e261ffdee468dfce092e,4,0.13885342403449435
6830e2f0ffdee468dfce0930,4,0.19879085961765922
6830e342ffdee468dfce0932,1,0.11334207779333236
6830e39cffdee468dfce0934,1,0.022155794577002032
683426e7ffdee468dfce094a,1,0.15562162628636475
68342764ffdee468dfce094c,4,0.11039923183428539
683429a8ffdee468dfce094e,4,0.32152468991016864
683429a9ffdee468dfce0950,4,0.32152468991016864
68342addffdee468dfce0952,1,0.057148115950868814
68343370ffdee468dfce0956,4,0.12434406670592327
68343389ffdee468dfce0958,1,0.08155696319297936
68343477ffdee468dfce095b,2,-0.02622043448113029
68343499ffdee468dfce095d,2,-0.11153730531076407
68343532ffdee468dfce0960,1,0.06119942707865044
68343542ffdee468dfce0962,2,-0.11153730531076407
68343616ffdee468dfce0964,1,0.1300049768490237
68343703ffdee468dfce0966,1,0.1445938993926333
683437a7ffdee468dfce0969,1,-0.01165797543629947
6834388dffdee468dfce096c,1,-0.03895137873044337
683455765893c116dcb589c9,4,0.3317108093834562
683457965893c116dcb589cb,4,0.2777513267495415
683459da5893c116dcb589ce,4,0.20188371453696893
683596d35893c116dcb589d1,4,0.18233048432373228
683598145893c116dcb589d3,4,0.16680790744521107
68359bbe5893c116dcb589d5,1,0.15075501053171814
68359c3e5893c116dcb589d7,4,0.16680790744521107
68359cb65893c116dcb589d9,4,0.16680790744521107
6835a2415893c116dcb589db,1,0.15075501053171814
6835a2ca5893c116dcb589dd,1,-0.03989619467066342
6835a3eb5893c116dcb589df,4,0.18437620289733395
6835a4265893c116dcb589e1,4,0.2909435052905516
6835a43e5893c116dcb589e3,4,0.18437620289733395
6835a45d5893c116dcb589e5,2,0.27992061084443226
6835a4695893c116dcb589e7,2,0.33754582685968065
6835a4de5893c116dcb589e9,4,0.20957561501105876
6835a5575893c116dcb589eb,4,0.12775266185929368
6835a5805893c116dcb589ed,4,0.2691951164473182
6835a5995893c116dcb589ef,4,0.2909435052905516
6835a6095893c116dcb589f1,4,0.19590263211482156
6835a6ab5893c116dcb589f3,4,0.2691951164473182
6836b7b55893c116dcb589fe,2,0.2542083488260153
6836bd545893c116dcb58a10,2,0.2322445214471862
6836be0c5893c116dcb58a13,2,0.09484384467949757
6836c0ba5893c116dcb58a1c,2,0.3162380976292153
683826555893c116dcb58a33,4,0.1558701749806784
68387c605893c116dcb58a3c,3,0.03975954329378664
68387d2c5893c116dcb58a40,3,0.03975954329378664
68387f7a5893c116dcb58a43,3,0.1905506258109713
683880075893c116dcb58a46,4,0.2729551514325773
683880a75893c116dcb58a49,3,0.17245003270277737
683880e85893c116dcb58a4c,3,0.10611451904569892
6838817c5893c116dcb58a4f,3,0.10611451904569892
683881ff5893c116dcb58a52,4,0.3075268271469941
6838825a5893c116dcb58a55,4,0.3186519700029177
683958ba5893c116dcb58a5c,4,0.33918892265341166
68395b7a5893c116dcb58a61,4,0.22976923776338223
68395c6e5893c116dcb58a63,4,0.27779836294226146
68396fe35893c116dcb58a6c,4,0.19657540387114264
6839849a5893c116dcb58a71,1,0.0911702322102812
683984fc5893c116dcb58a74,4,0.23447839842902946
683985945893c116dcb58a77,1,0.14891708229642395
683986095893c116dcb58a79,4,0.3381855641724297
6839869f5893c116dcb58a7b,4,0.3415380814065582
6839870e5893c116dcb58a7d,1,-0.0265701511585398
683987815893c116dcb58a7f,4,0.23156540805118944
683988195893c116dcb58a81,1,0.04501164375877159
683988ae5893c116dcb58a83,1,0.17596199553759778
68398d3d5893c116dcb58a88,1,0.18242052324832417
68398e955893c116dcb58a8d,1,0.17925619454402061
683992fe5893c116dcb58a90,1,0.15167943582121363
6839969d5893c116dcb58a93,1,0.15167943582121363
6839e9175893c116dcb58a9a,4,0.25453612140625104
6839e9565893c116dcb58a9d,4,0.23820289145346246
6839e9a75893c116dcb58aa1,4,0.20188310126494016
683c18a15893c116dcb58aa6,4,0.20893816854252797
683c2f135893c116dcb58aa9,4,0.17880960060468856
683c30585893c116dcb58aac,4,0.15171069067339907
683c30eb5893c116dcb58aaf,4,0.157129952758002
683c331d5893c116dcb58ab2,4,0.18699571027531622
683c34425893c116dcb58ab5,4,0.17012758270021036
683c35545893c116dcb58ab8,4,0.1541930324876175
683c36615893c116dcb58abb,4,0.25901315466788793
683c37815893c116dcb58abe,1,0.003741681141159714
683c38305893c116dcb58ac1,4,0.14252722169443713
683c39765893c116dcb58ac4,4,0.2489794185162537
683c3a405893c116dcb58ac7,4,0.19338978713342064
683c3b1b5893c116dcb58aca,4,0.21100124544945587
683c7dcf5893c116dcb58ad2,1,0.10961145296697891
683d56115893c116dcb58ae4,4,0.2886457164023424
683da6505893c116dcb58aef,1,0.12258037919556786
683dab7d5893c116dcb58af2,3,0.19701922192766802
683dadef5893c116dcb58af5,3,0.015139823561434188
683dafe05893c116dcb58af8,4,0.31471993934884906
683db0585893c116dcb58afb,3,0.18953632782354402
683e0d8e5893c116dcb58afd,4,0.24817273350471974
683e0dec5893c116dcb58b00,1,0.1223764171600368
683e0e335893c116dcb58b03,3,0.03460664502516431
683e0e7c5893c116dcb58b06,3,0.03712077521510641
683e0eea5893c116dcb58b09,4,0.2886274779208301
683ee9245893c116dcb58b0b,4,0.1320305475062001
68401b7e5893c116dcb58b16,4,0.26810480937756104
684070545893c116dcb58b1d,4,0.19323837477943803
684071ac5893c116dcb58b20,4,0.2311177866429897
684150d45893c116dcb58b25,3,0.06726916787716944
684151415893c116dcb58b28,3,0.20607015388168645
684151a75893c116dcb58b2c,3,0.1075666520862814
684153125893c116dcb58b2e,1,-0.045238591178054746
